[31/8/2026, 18:39:32] 
════════════════════════════════════════════════════════════
[31/8/2026, 18:39:32] STARTING FETCH SESSION: manual
[31/8/2026, 18:39:32] Time (IST): 31/8/2026, 18:39:32
[31/8/2026, 18:39:32] Routes: 40
[31/8/2026, 18:39:32] ════════════════════════════════════════════════════════════
[31/8/2026, 18:39:32] [1/40] DH Road
[31/8/2026, 18:39:40]       📅 Adjusting Google Maps 'Depart at' to closest target slot: 07:00 PM
[31/8/2026, 18:39:42]       ✅ Found matching bus [AC-52] at Depart at [07:00 PM]
[31/8/2026, 18:39:50]   🚙 Car: 1 hr 14 min (74 min) | dist: 19.7 km | traffic: Unknown
[31/8/2026, 18:39:50]   🚌 Bus: 1 hr 9 min (69 min) | dist: 19.7 km
[31/8/2026, 18:39:50]   🛵 Bike: 1 hr 6 min (66 min) | dist: 19.7 km
[31/8/2026, 18:39:51] [2/40] B T Road
[31/8/2026, 18:39:58]       📅 Adjusting Google Maps 'Depart at' to closest target slot: 07:00 PM
[31/8/2026, 18:40:00]       ✅ Found matching bus [S-185] at Depart at [07:00 PM]
[31/8/2026, 18:40:08]   🚙 Car: 28 min (28 min) | dist: 6.0 km | traffic: Good
[31/8/2026, 18:40:08]   🚌 Bus: 21 min (21 min) | dist: 6.0 km
[31/8/2026, 18:40:08]   🛵 Bike: 25 min (25 min) | dist: 6.0 km
[31/8/2026, 18:40:09] [3/40] B T Road
[31/8/2026, 18:40:16]       📅 Adjusting Google Maps 'Depart at' to closest target slot: 07:00 PM
[31/8/2026, 18:40:18]       ✅ Found matching bus [Barrackpore Chiriamore - Salap More] at Depart at [07:00 PM]
[31/8/2026, 18:40:26]   🚙 Car: 33 min (33 min) | dist: 12.3 km | traffic: Unknown
[31/8/2026, 18:40:26]   🚌 Bus: 43 min (43 min) | dist: 12.3 km
[31/8/2026, 18:40:26]   🛵 Bike: 30 min (30 min) | dist: 12.3 km
[31/8/2026, 18:40:27] [4/40] VIP Road
[31/8/2026, 18:40:35]       📅 Adjusting Google Maps 'Depart at' to closest target slot: 07:00 PM
[31/8/2026, 18:40:38]       ✅ Found matching bus [L238] at Depart at [07:00 PM]
[31/8/2026, 18:40:45]   🚙 Car: 46 min (46 min) | dist: 13.8 km | traffic: Unknown
[31/8/2026, 18:40:45]   🚌 Bus: 32 min (32 min) | dist: 13.8 km
[31/8/2026, 18:40:45]   🛵 Bike: 39 min (39 min) | dist: 13.8 km
[31/8/2026, 18:40:46] [5/40] Jessore Road
[31/8/2026, 18:40:53]       📅 Adjusting Google Maps 'Depart at' to closest target slot: 07:00 PM
[31/8/2026, 18:40:56]       ✅ Found matching bus [79B] at Depart at [07:00 PM]
[31/8/2026, 18:41:03]   🚙 Car: 49 min (49 min) | dist: 11.3 km | traffic: Unknown
[31/8/2026, 18:41:03]   🚌 Bus: 38 min (38 min) | dist: 11.3 km
[31/8/2026, 18:41:03]   🛵 Bike: 41 min (41 min) | dist: 11.3 km
[31/8/2026, 18:41:04] [6/40] Airport Road
[31/8/2026, 18:41:12]       📅 Adjusting Google Maps 'Depart at' to closest target slot: 07:00 PM
[31/8/2026, 18:41:14]       ✅ Found matching bus [DN-9/1] at Depart at [07:00 PM]
[31/8/2026, 18:41:22]   🚙 Car: 20 min (20 min) | dist: 4.8 km | traffic: Good
[31/8/2026, 18:41:22]   🚌 Bus: 17 min (17 min) | dist: 4.8 km
[31/8/2026, 18:41:22]   🛵 Bike: 17 min (17 min) | dist: 4.8 km
[31/8/2026, 18:41:23] [7/40] APC Bose Rd
[31/8/2026, 18:41:31]       📅 Adjusting Google Maps 'Depart at' to closest target slot: 07:00 PM
[31/8/2026, 18:41:33]       ✅ Found matching bus [230] at Depart at [07:00 PM]
[31/8/2026, 18:41:41]   🚙 Car: 44 min (44 min) | dist: 8.2 km | traffic: Unknown
[31/8/2026, 18:41:41]   🚌 Bus: 28 min (28 min) | dist: 8.2 km
[31/8/2026, 18:41:41]   🛵 Bike: 38 min (38 min) | dist: 8.2 km
[31/8/2026, 18:41:42] [8/40] Bidhan Sarani
[31/8/2026, 18:41:49]       📅 Adjusting Google Maps 'Depart at' to closest target slot: 07:00 PM
[31/8/2026, 18:41:51]       ✅ Found matching bus [ 47B] at Depart at [07:00 PM]
[31/8/2026, 18:41:59]   🚙 Car: 31 min (31 min) | dist: 6.0 km | traffic: Unknown
[31/8/2026, 18:41:59]   🚌 Bus: 22 min (22 min) | dist: 6.0 km
[31/8/2026, 18:41:59]   🛵 Bike: 26 min (26 min) | dist: 6.0 km
[31/8/2026, 18:42:00] [9/40] Central Avenue (C R Avenue)
[31/8/2026, 18:42:07]       📅 Adjusting Google Maps 'Depart at' to closest target slot: 07:00 PM
[31/8/2026, 18:42:09]       ✅ Found matching bus [214A] at Depart at [07:00 PM]
[31/8/2026, 18:42:17]   🚙 Car: 25 min (25 min) | dist: 5.0 km | traffic: Good
[31/8/2026, 18:42:17]   🚌 Bus: 17 min (17 min) | dist: 5.0 km
[31/8/2026, 18:42:17]   🛵 Bike: 22 min (22 min) | dist: 5.0 km
[31/8/2026, 18:42:18] [10/40] S N Banerjee Road
[31/8/2026, 18:42:25]       📅 Adjusting Google Maps 'Depart at' to closest target slot: 07:00 PM
[31/8/2026, 18:42:28]       ✅ Found matching bus [S-12N] at Depart at [07:00 PM]
[31/8/2026, 18:42:36]   🚙 Car: 11 min (11 min) | dist: 2.3 km | traffic: Good
[31/8/2026, 18:42:36]   🚌 Bus: 7 min (7 min) | dist: 2.3 km
[31/8/2026, 18:42:36]   🛵 Bike: 10 min (10 min) | dist: 2.3 km
[31/8/2026, 18:42:37] [11/40] M G Road
[31/8/2026, 18:42:44]       📅 Adjusting Google Maps 'Depart at' to closest target slot: 07:00 PM
[31/8/2026, 18:42:47]       ✅ Found matching bus [24] at Depart at [07:00 PM]
[31/8/2026, 18:42:54]   🚙 Car: 27 min (27 min) | dist: 4.2 km | traffic: Unknown
[31/8/2026, 18:42:54]   🚌 Bus: 13 min (13 min) | dist: 4.2 km
[31/8/2026, 18:42:54]   🛵 Bike: 23 min (23 min) | dist: 4.2 km
[31/8/2026, 18:42:55] [12/40] C I T Road
[31/8/2026, 18:43:03]       📅 Adjusting Google Maps 'Depart at' to closest target slot: 07:00 PM
[31/8/2026, 18:43:05]       ✅ Found matching bus [240] at Depart at [07:00 PM]
[31/8/2026, 18:43:13]   🚙 Car: 12 min (12 min) | dist: 2.6 km | traffic: Good
[31/8/2026, 18:43:13]   🚌 Bus: 8 min (8 min) | dist: 2.6 km
[31/8/2026, 18:43:13]   🛵 Bike: 10 min (10 min) | dist: 2.6 km
[31/8/2026, 18:43:13] [13/40] Sarat Bose Road
[31/8/2026, 18:43:21]       📅 Adjusting Google Maps 'Depart at' to closest target slot: 07:00 PM
[31/8/2026, 18:43:23]       ✅ Found matching bus [221] at Depart at [07:00 PM]
[31/8/2026, 18:43:31]   🚙 Car: 21 min (21 min) | dist: 3.8 km | traffic: Good
[31/8/2026, 18:43:31]   🚌 Bus: 13 min (13 min) | dist: 3.8 km
[31/8/2026, 18:43:31]   🛵 Bike: 18 min (18 min) | dist: 3.8 km
[31/8/2026, 18:43:32] [14/40] S P Mukherjee Road
[31/8/2026, 18:43:40]       📅 Adjusting Google Maps 'Depart at' to closest target slot: 07:00 PM
[31/8/2026, 18:43:42]       ✅ Found matching bus [222  S-112] at Depart at [07:00 PM]
[31/8/2026, 18:43:50]   🚙 Car: 1 hr 17 min (77 min) | dist: 16.2 km | traffic: Unknown
[31/8/2026, 18:43:50]   🚌 Bus: 1 hr (60 min) | dist: 16.2 km
[31/8/2026, 18:43:50]   🛵 Bike: 1 hr 7 min (67 min) | dist: 16.2 km
[31/8/2026, 18:43:50] [15/40] Hazra Road / S P Mukherjee Road connector
[31/8/2026, 18:43:58]       📅 Adjusting Google Maps 'Depart at' to closest target slot: 07:00 PM
[31/8/2026, 18:44:00]       ✅ Found matching bus [42A  18C] at Depart at [07:00 PM]
[31/8/2026, 18:44:08]   🚙 Car: 28 min (28 min) | dist: 4.6 km | traffic: Good
[31/8/2026, 18:44:08]   🚌 Bus: 19 min (19 min) | dist: 4.6 km
[31/8/2026, 18:44:08]   🛵 Bike: 22 min (22 min) | dist: 4.6 km
[31/8/2026, 18:44:09] [16/40] Gariahat Road / Rashbehari Avenue
[31/8/2026, 18:44:16]       📅 Adjusting Google Maps 'Depart at' to closest target slot: 07:00 PM
[31/8/2026, 18:44:19]       ✅ Found matching bus [M-14] at Depart at [07:00 PM]
[31/8/2026, 18:44:27]   🚙 Car: 14 min (14 min) | dist: 2.9 km | traffic: Good
[31/8/2026, 18:44:27]   🚌 Bus: 10 min (10 min) | dist: 2.9 km
[31/8/2026, 18:44:27]   🛵 Bike: 12 min (12 min) | dist: 2.9 km
[31/8/2026, 18:44:28] [17/40] Chetla Road
[31/8/2026, 18:44:35]       📅 Adjusting Google Maps 'Depart at' to closest target slot: 07:00 PM
[31/8/2026, 18:44:38]       ✅ Found matching bus [S-22] at Depart at [07:00 PM]
[31/8/2026, 18:44:46]   🚙 Car: 14 min (14 min) | dist: 2.8 km | traffic: Unknown
[31/8/2026, 18:44:46]   🚌 Bus: 9 min (9 min) | dist: 2.8 km
[31/8/2026, 18:44:46]   🛵 Bike: 12 min (12 min) | dist: 2.8 km
[31/8/2026, 18:44:47] [18/40] Tollygunge - Taratala Road
[31/8/2026, 18:44:54]       📅 Adjusting Google Maps 'Depart at' to closest target slot: 07:00 PM
[31/8/2026, 18:44:56]       ✅ Found matching bus [SD5] at Depart at [07:00 PM]
[31/8/2026, 18:45:04]   🚙 Car: 19 min (19 min) | dist: 4.3 km | traffic: Unknown
[31/8/2026, 18:45:04]   🚌 Bus: 13 min (13 min) | dist: 4.3 km
[31/8/2026, 18:45:04]   🛵 Bike: 17 min (17 min) | dist: 4.3 km
[31/8/2026, 18:45:05] [19/40] Prince Anwar Shah Rd
[31/8/2026, 18:45:12]       📅 Adjusting Google Maps 'Depart at' to closest target slot: 07:00 PM
[31/8/2026, 18:45:15]       ✅ Found matching bus [ST-6] at Depart at [07:00 PM]
[31/8/2026, 18:45:23]   🚙 Car: 30 min (30 min) | dist: 6.9 km | traffic: Unknown
[31/8/2026, 18:45:23]   🚌 Bus: 24 min (24 min) | dist: 6.9 km
[31/8/2026, 18:45:23]   🛵 Bike: 26 min (26 min) | dist: 6.9 km
[31/8/2026, 18:45:24] [20/40] Karunamoyee Road
[31/8/2026, 18:45:31]       📅 Adjusting Google Maps 'Depart at' to closest target slot: 07:00 PM
[31/8/2026, 18:45:34]       ✅ Found matching bus [S-9] at Depart at [07:00 PM]
[31/8/2026, 18:45:42]   🚙 Car: 12 min (12 min) | dist: 3.3 km | traffic: Good
[31/8/2026, 18:45:42]   🚌 Bus: 10 min (10 min) | dist: 3.3 km
[31/8/2026, 18:45:42]   🛵 Bike: 11 min (11 min) | dist: 3.3 km
[31/8/2026, 18:45:42] [21/40] Canal South Road
[31/8/2026, 18:45:50]       📅 Adjusting Google Maps 'Depart at' to closest target slot: 07:00 PM
[31/8/2026, 18:45:52]       ✅ Found matching bus [S-22] at Depart at [07:00 PM]
[31/8/2026, 18:46:00]   🚙 Car: 31 min (31 min) | dist: 5.5 km | traffic: Good
[31/8/2026, 18:46:00]   🚌 Bus: 15 min (15 min) | dist: 5.5 km
[31/8/2026, 18:46:00]   🛵 Bike: 24 min (24 min) | dist: 5.5 km
[31/8/2026, 18:46:01] [22/40] VIP Road connector
[31/8/2026, 18:46:08]       📅 Adjusting Google Maps 'Depart at' to closest target slot: 07:00 PM
[31/8/2026, 18:46:11]       ✅ Found matching bus [Berachampa - Karunamoyee] at Depart at [07:00 PM]
[31/8/2026, 18:46:19]   🚙 Car: 21 min (21 min) | dist: 4.1 km | traffic: Good
[31/8/2026, 18:46:19]   🚌 Bus: 13 min (13 min) | dist: 4.1 km
[31/8/2026, 18:46:19]   🛵 Bike: 20 min (20 min) | dist: 4.1 km
[31/8/2026, 18:46:19] [23/40] Baishnabghata-Patuli
[31/8/2026, 18:46:27]       📅 Adjusting Google Maps 'Depart at' to closest target slot: 07:00 PM
[31/8/2026, 18:46:29]       ✅ Found matching bus [Kamal Gazi Bypass - Dankuni Housing] at Depart at [07:00 PM]
[31/8/2026, 18:46:37]   🚙 Car: 6 min (6 min) | dist: 1.4 km | traffic: Good
[31/8/2026, 18:46:37]   🚌 Bus: 4 min (4 min) | dist: 1.4 km
[31/8/2026, 18:46:37]   🛵 Bike: 5 min (5 min) | dist: 1.4 km
[31/8/2026, 18:46:38] [24/40] Patuli - Highland Park
[31/8/2026, 18:46:46]       📅 Adjusting Google Maps 'Depart at' to closest target slot: 07:00 PM
[31/8/2026, 18:46:48]       ✅ Found matching bus [AC-24A] at Depart at [07:00 PM]
[31/8/2026, 18:46:56]   🚙 Car: 3 min (3 min) | dist: 1.3 km | traffic: Good
[31/8/2026, 18:46:56]   🚌 Bus: 4 min (4 min) | dist: 1.3 km
[31/8/2026, 18:46:56]   🛵 Bike: 3 min (3 min) | dist: 1.3 km
[31/8/2026, 18:46:56] [25/40] Highland Park - Ajaynagar
[31/8/2026, 18:47:04]       📅 Adjusting Google Maps 'Depart at' to closest target slot: 07:00 PM
[31/8/2026, 18:47:06]       ✅ Found matching bus [AC-24A] at Depart at [07:00 PM]
[31/8/2026, 18:47:14]   🚙 Car: 2 min (2 min) | dist: 850 m | traffic: Good
[31/8/2026, 18:47:14]   🚌 Bus: 3 min (3 min) | dist: 850 m
[31/8/2026, 18:47:14]   🛵 Bike: 2 min (2 min) | dist: 850 m
[31/8/2026, 18:47:15] [26/40] Ajaynagar - Kalikapur
[31/8/2026, 18:47:22]       📅 Adjusting Google Maps 'Depart at' to closest target slot: 07:00 PM
[31/8/2026, 18:47:25]       ✅ Found matching bus [S-21] at Depart at [07:00 PM]
[31/8/2026, 18:47:33]   🚙 Car: 5 min (5 min) | dist: 1.7 km | traffic: Good
[31/8/2026, 18:47:33]   🚌 Bus: 6 min (6 min) | dist: 1.7 km
[31/8/2026, 18:47:33]   🛵 Bike: 4 min (4 min) | dist: 1.7 km
[31/8/2026, 18:47:33] [27/40] Kalikapur - Ruby
[31/8/2026, 18:47:41]       📅 Adjusting Google Maps 'Depart at' to closest target slot: 07:00 PM
[31/8/2026, 18:47:44]       ✅ Found active bus route [Matched Bus Route] (Live Transit Timetable)
[31/8/2026, 18:47:51]   🚙 Car: 5 min (5 min) | dist: 1.2 km | traffic: Good
[31/8/2026, 18:47:51]   🚌 Bus: 4 min (4 min) | dist: 1.2 km
[31/8/2026, 18:47:51]   🛵 Bike: 4 min (4 min) | dist: 1.2 km
[31/8/2026, 18:47:52] [28/40] Ruby - Science City
[31/8/2026, 18:47:59]       📅 Adjusting Google Maps 'Depart at' to closest target slot: 07:00 PM
[31/8/2026, 18:48:02]       ✅ Found matching bus [Garia No. 6 - Ultadanga] at Depart at [07:00 PM]
[31/8/2026, 18:48:10]   🚙 Car: 11 min (11 min) | dist: 4.0 km | traffic: Good
[31/8/2026, 18:48:10]   🚌 Bus: 14 min (14 min) | dist: 4.0 km
[31/8/2026, 18:48:10]   🛵 Bike: 9 min (9 min) | dist: 4.0 km
[31/8/2026, 18:48:11] [29/40] Science City - Chingrighata
[31/8/2026, 18:48:18]       📅 Adjusting Google Maps 'Depart at' to closest target slot: 07:00 PM
[31/8/2026, 18:48:21]       ✅ Found matching bus [Ecospace Amity University - Andul Station Road] at Depart at [07:00 PM]
[31/8/2026, 18:48:29]   🚙 Car: 5 min (5 min) | dist: 1.9 km | traffic: Good
[31/8/2026, 18:48:29]   🚌 Bus: 5 min (5 min) | dist: 1.9 km
[31/8/2026, 18:48:29]   🛵 Bike: 4 min (4 min) | dist: 1.9 km
[31/8/2026, 18:48:29] [30/40] Chingrighata - Sealdah
[31/8/2026, 18:48:37]       📅 Adjusting Google Maps 'Depart at' to closest target slot: 07:00 PM
[31/8/2026, 18:48:39]       ✅ Found matching bus [S-12N] at Depart at [07:00 PM]
[31/8/2026, 18:48:47]   🚙 Car: 19 min (19 min) | dist: 4.6 km | traffic: Good
[31/8/2026, 18:48:47]   🚌 Bus: 15 min (15 min) | dist: 4.6 km
[31/8/2026, 18:48:47]   🛵 Bike: 16 min (16 min) | dist: 4.6 km
[31/8/2026, 18:48:48] [31/40] Sealdah - Park Circus
[31/8/2026, 18:48:55]       📅 Adjusting Google Maps 'Depart at' to closest target slot: 07:00 PM
[31/8/2026, 18:48:57]       ✅ Found matching bus [DN-17  240 ] at Depart at [07:00 PM]
[31/8/2026, 18:49:06]   🚙 Car: 13 min (13 min) | dist: 2.9 km | traffic: Good
[31/8/2026, 18:49:06]   🚌 Bus: 18 min (18 min) | dist: 2.9 km
[31/8/2026, 18:49:06]   🛵 Bike: 11 min (11 min) | dist: 2.9 km
[31/8/2026, 18:49:06] [32/40] Park Circus - Science City
[31/8/2026, 18:49:14]       📅 Adjusting Google Maps 'Depart at' to closest target slot: 07:00 PM
[31/8/2026, 18:49:16]       ✅ Found matching bus [EB-14 ] at Depart at [07:00 PM]
[31/8/2026, 18:49:24]   🚙 Car: 9 min (9 min) | dist: 3.8 km | traffic: Good
[31/8/2026, 18:49:24]   🚌 Bus: 19 min (19 min) | dist: 3.8 km
[31/8/2026, 18:49:24]   🛵 Bike: 8 min (8 min) | dist: 3.8 km
[31/8/2026, 18:49:25] [33/40] Park Circus - Gariahat
[31/8/2026, 18:49:32]       📅 Adjusting Google Maps 'Depart at' to closest target slot: 07:00 PM
[31/8/2026, 18:49:34]       ✅ Found matching bus [45A] at Depart at [07:00 PM]
[31/8/2026, 18:49:42]   🚙 Car: 16 min (16 min) | dist: 2.7 km | traffic: Good
[31/8/2026, 18:49:42]   🚌 Bus: 9 min (9 min) | dist: 2.7 km
[31/8/2026, 18:49:42]   🛵 Bike: 14 min (14 min) | dist: 2.7 km
[31/8/2026, 18:49:43] [34/40] Gariahat - Ruby
[31/8/2026, 18:49:50]       📅 Adjusting Google Maps 'Depart at' to closest target slot: 07:00 PM
[31/8/2026, 18:49:52]       ✅ Found matching bus [Barasat - Botanical Garden] at Depart at [07:00 PM]
[31/8/2026, 18:50:00]   🚙 Car: 19 min (19 min) | dist: 4.1 km | traffic: High
[31/8/2026, 18:50:00]   🚌 Bus: 14 min (14 min) | dist: 4.1 km
[31/8/2026, 18:50:00]   🛵 Bike: 15 min (15 min) | dist: 4.1 km
[31/8/2026, 18:50:01] [35/40] Gariahat - Mallick Road
[31/8/2026, 18:50:08]       📅 Adjusting Google Maps 'Depart at' to closest target slot: 07:00 PM
[31/8/2026, 18:50:11]       ✅ Found matching bus [45] at Depart at [07:00 PM]
[31/8/2026, 18:50:19]   🚙 Car: 12 min (12 min) | dist: 2.0 km | traffic: Unknown
[31/8/2026, 18:50:19]   🚌 Bus: 7 min (7 min) | dist: 2.0 km
[31/8/2026, 18:50:19]   🛵 Bike: 10 min (10 min) | dist: 2.0 km
[31/8/2026, 18:50:20] [36/40] Jadavpur Police St. - Kalikapur
[31/8/2026, 18:50:27]       📅 Adjusting Google Maps 'Depart at' to closest target slot: 07:00 PM
[31/8/2026, 18:50:30]       ✅ Found matching bus [Cityflo] at Depart at [07:00 PM]
[31/8/2026, 18:50:37]   🚙 Car: 11 min (11 min) | dist: 3.5 km | traffic: Good
[31/8/2026, 18:50:37]   🚌 Bus: 11 min (11 min) | dist: 3.5 km
[31/8/2026, 18:50:37]   🛵 Bike: 10 min (10 min) | dist: 3.5 km
[31/8/2026, 18:50:38] [37/40] Mallick Road - Jadavpur Sulekha
[31/8/2026, 18:50:45]       📅 Adjusting Google Maps 'Depart at' to closest target slot: 07:00 PM
[31/8/2026, 18:50:48]       ✅ Found matching bus [S-31] at Depart at [07:00 PM]
[31/8/2026, 18:50:55]   🚙 Car: 5 min (5 min) | dist: 1.3 km | traffic: Good
[31/8/2026, 18:50:55]   🚌 Bus: 5 min (5 min) | dist: 1.3 km
[31/8/2026, 18:50:55]   🛵 Bike: 5 min (5 min) | dist: 1.3 km
[31/8/2026, 18:50:56] [38/40] Jadavpur Sulekha - Ajay Nagar
[31/8/2026, 18:51:04]       📅 Adjusting Google Maps 'Depart at' to closest target slot: 07:00 PM
[31/8/2026, 18:51:06]       ✅ Found matching bus [S-9] at Depart at [07:00 PM]
[31/8/2026, 18:51:14]   🚙 Car: 12 min (12 min) | dist: 3.1 km | traffic: Good
[31/8/2026, 18:51:14]   🚌 Bus: 10 min (10 min) | dist: 3.1 km
[31/8/2026, 18:51:14]   🛵 Bike: 11 min (11 min) | dist: 3.1 km
[31/8/2026, 18:51:15] [39/40] Jadavpur Sulekha - Bagha Jatin
[31/8/2026, 18:51:23]       📅 Adjusting Google Maps 'Depart at' to closest target slot: 07:00 PM
[31/8/2026, 18:51:25]       ✅ Found matching bus [S-5] at Depart at [07:00 PM]
[31/8/2026, 18:51:33]   🚙 Car: 5 min (5 min) | dist: 900 m | traffic: Good
[31/8/2026, 18:51:33]   🚌 Bus: 3 min (3 min) | dist: 900 m
[31/8/2026, 18:51:33]   🛵 Bike: 4 min (4 min) | dist: 900 m
[31/8/2026, 18:51:34] [40/40] Bagha Jatin - Baishnabghata
[31/8/2026, 18:51:41]       📅 Adjusting Google Maps 'Depart at' to closest target slot: 07:00 PM
[31/8/2026, 18:51:43]       ✅ Found matching bus [45] at Depart at [07:00 PM]
[31/8/2026, 18:51:51]   🚙 Car: 6 min (6 min) | dist: 1.4 km | traffic: Good
[31/8/2026, 18:51:51]   🚌 Bus: 5 min (5 min) | dist: 1.4 km
[31/8/2026, 18:51:51]   🛵 Bike: 5 min (5 min) | dist: 1.4 km
[31/8/2026, 18:51:52] 
Session complete! Saving to Excel...
[31/8/2026, 18:51:56] 📊 Excel saved (styled & formatted): /home/runner/work/kolkata-traffic-collection/kolkata-traffic-collection/output/Kolkata_Traffic_Data_2026-08-31.xlsx
[31/8/2026, 19:56:42] 
════════════════════════════════════════════════════════════
[31/8/2026, 19:56:42] STARTING FETCH SESSION: manual
[31/8/2026, 19:56:42] Time (IST): 31/8/2026, 19:56:42
[31/8/2026, 19:56:42] Routes: 40
[31/8/2026, 19:56:42] ════════════════════════════════════════════════════════════
[31/8/2026, 19:56:43] [1/40] DH Road
[31/8/2026, 19:56:50]       📅 Adjusting Google Maps 'Depart at' to closest target slot: 07:00 PM
[31/8/2026, 19:56:52]       ✅ Found matching bus [AC-52] at Depart at [07:00 PM]
[31/8/2026, 19:57:00]   🚙 Car: 1 hr 13 min (73 min) | dist: 19.7 km | traffic: Unknown
[31/8/2026, 19:57:00]   🚌 Bus: 1 hr 9 min (69 min) | dist: 19.7 km
[31/8/2026, 19:57:00]   🛵 Bike: 1 hr 4 min (64 min) | dist: 19.7 km
[31/8/2026, 19:57:01] [2/40] B T Road
[31/8/2026, 19:57:08]       📅 Adjusting Google Maps 'Depart at' to closest target slot: 07:00 PM
[31/8/2026, 19:57:10]       ✅ Found matching bus [S-185] at Depart at [07:00 PM]
[31/8/2026, 19:57:18]   🚙 Car: 27 min (27 min) | dist: 6.0 km | traffic: Good
[31/8/2026, 19:57:18]   🚌 Bus: 21 min (21 min) | dist: 6.0 km
[31/8/2026, 19:57:18]   🛵 Bike: 25 min (25 min) | dist: 6.0 km
[31/8/2026, 19:57:19] [3/40] B T Road
[31/8/2026, 19:57:26]       📅 Adjusting Google Maps 'Depart at' to closest target slot: 07:00 PM
[31/8/2026, 19:57:28]       ✅ Found matching bus [Barrackpore Chiriamore - Salap More] at Depart at [07:00 PM]
[31/8/2026, 19:57:35]   🚙 Car: 31 min (31 min) | dist: 12.3 km | traffic: Unknown
[31/8/2026, 19:57:35]   🚌 Bus: 43 min (43 min) | dist: 12.3 km
[31/8/2026, 19:57:35]   🛵 Bike: 30 min (30 min) | dist: 12.3 km
[31/8/2026, 19:57:36] [4/40] VIP Road
[31/8/2026, 19:57:44]       📅 Adjusting Google Maps 'Depart at' to closest target slot: 07:00 PM
[31/8/2026, 19:57:46]       ✅ Found matching bus [L238] at Depart at [07:00 PM]
[31/8/2026, 19:57:54]   🚙 Car: 51 min (51 min) | dist: 13.8 km | traffic: Unknown
[31/8/2026, 19:57:54]   🚌 Bus: 32 min (32 min) | dist: 13.8 km
[31/8/2026, 19:57:54]   🛵 Bike: 43 min (43 min) | dist: 13.8 km
[31/8/2026, 19:57:55] [5/40] Jessore Road
[31/8/2026, 19:58:03]       📅 Adjusting Google Maps 'Depart at' to closest target slot: 07:00 PM
[31/8/2026, 19:58:05]       ✅ Found matching bus [79B] at Depart at [07:00 PM]
[31/8/2026, 19:58:13]   🚙 Car: 36 min (36 min) | dist: 11.3 km | traffic: Unknown
[31/8/2026, 19:58:13]   🚌 Bus: 38 min (38 min) | dist: 11.3 km
[31/8/2026, 19:58:13]   🛵 Bike: 34 min (34 min) | dist: 11.3 km
[31/8/2026, 19:58:14] [6/40] Airport Road
[31/8/2026, 19:58:21]       📅 Adjusting Google Maps 'Depart at' to closest target slot: 07:00 PM
[31/8/2026, 19:58:23]       ✅ Found matching bus [DN-9/1] at Depart at [07:00 PM]
[31/8/2026, 19:58:31]   🚙 Car: 19 min (19 min) | dist: 4.8 km | traffic: Unknown
[31/8/2026, 19:58:31]   🚌 Bus: 17 min (17 min) | dist: 4.8 km
[31/8/2026, 19:58:31]   🛵 Bike: 17 min (17 min) | dist: 4.8 km
[31/8/2026, 19:58:32] [7/40] APC Bose Rd
[31/8/2026, 19:58:39]       📅 Adjusting Google Maps 'Depart at' to closest target slot: 07:00 PM
[31/8/2026, 19:58:42]       ✅ Found matching bus [230] at Depart at [07:00 PM]
[31/8/2026, 19:58:50]   🚙 Car: 34 min (34 min) | dist: 8.2 km | traffic: Good
[31/8/2026, 19:58:50]   🚌 Bus: 28 min (28 min) | dist: 8.2 km
[31/8/2026, 19:58:50]   🛵 Bike: 31 min (31 min) | dist: 8.2 km
[31/8/2026, 19:58:51] [8/40] Bidhan Sarani
[31/8/2026, 19:58:58]       📅 Adjusting Google Maps 'Depart at' to closest target slot: 07:00 PM
[31/8/2026, 19:59:02]       ✅ Found active bus route [234/147B78214AS-11N] (Live Transit Timetable)
[31/8/2026, 19:59:10]   🚙 Car: 30 min (30 min) | dist: 6.0 km | traffic: Unknown
[31/8/2026, 19:59:10]   🚌 Bus: 21 min (21 min) | dist: 6.0 km
[31/8/2026, 19:59:10]   🛵 Bike: 27 min (27 min) | dist: 6.0 km
[31/8/2026, 19:59:11] [9/40] Central Avenue (C R Avenue)
[31/8/2026, 19:59:18]       📅 Adjusting Google Maps 'Depart at' to closest target slot: 07:00 PM
[31/8/2026, 19:59:20]       ✅ Found matching bus [214A] at Depart at [07:00 PM]
[31/8/2026, 19:59:29]   🚙 Car: 21 min (21 min) | dist: 5.0 km | traffic: Good
[31/8/2026, 19:59:29]   🚌 Bus: 17 min (17 min) | dist: 5.0 km
[31/8/2026, 19:59:29]   🛵 Bike: 19 min (19 min) | dist: 5.0 km
[31/8/2026, 19:59:30] [10/40] S N Banerjee Road
[31/8/2026, 19:59:37]       📅 Adjusting Google Maps 'Depart at' to closest target slot: 07:00 PM
[31/8/2026, 19:59:40]       ✅ Found matching bus [S-12N] at Depart at [07:00 PM]
[31/8/2026, 19:59:47]   🚙 Car: 10 min (10 min) | dist: 2.3 km | traffic: Good
[31/8/2026, 19:59:47]   🚌 Bus: 7 min (7 min) | dist: 2.3 km
[31/8/2026, 19:59:47]   🛵 Bike: 9 min (9 min) | dist: 2.3 km
[31/8/2026, 19:59:48] [11/40] M G Road
[31/8/2026, 19:59:55]       📅 Adjusting Google Maps 'Depart at' to closest target slot: 07:00 PM
[31/8/2026, 19:59:58]       ✅ Found matching bus [24] at Depart at [07:00 PM]
[31/8/2026, 20:00:06]   🚙 Car: 30 min (30 min) | dist: 4.2 km | traffic: Unknown
[31/8/2026, 20:00:06]   🚌 Bus: 13 min (13 min) | dist: 4.2 km
[31/8/2026, 20:00:06]   🛵 Bike: 23 min (23 min) | dist: 4.2 km
[31/8/2026, 20:00:07] [12/40] C I T Road
[31/8/2026, 20:00:14]       📅 Adjusting Google Maps 'Depart at' to closest target slot: 07:00 PM
[31/8/2026, 20:00:16]       ✅ Found matching bus [240] at Depart at [07:00 PM]
[31/8/2026, 20:00:24]   🚙 Car: 15 min (15 min) | dist: 2.6 km | traffic: Good
[31/8/2026, 20:00:24]   🚌 Bus: 8 min (8 min) | dist: 2.6 km
[31/8/2026, 20:00:24]   🛵 Bike: 11 min (11 min) | dist: 2.6 km
[31/8/2026, 20:00:25] [13/40] Sarat Bose Road
[31/8/2026, 20:00:32]       📅 Adjusting Google Maps 'Depart at' to closest target slot: 07:00 PM
[31/8/2026, 20:00:35]       ✅ Found matching bus [221] at Depart at [07:00 PM]
[31/8/2026, 20:00:42]   🚙 Car: 18 min (18 min) | dist: 3.8 km | traffic: Good
[31/8/2026, 20:00:42]   🚌 Bus: 13 min (13 min) | dist: 3.8 km
[31/8/2026, 20:00:42]   🛵 Bike: 16 min (16 min) | dist: 3.8 km
[31/8/2026, 20:00:43] [14/40] S P Mukherjee Road
[31/8/2026, 20:00:51]       📅 Adjusting Google Maps 'Depart at' to closest target slot: 07:00 PM
[31/8/2026, 20:00:53]       ✅ Found matching bus [222  S-112] at Depart at [07:00 PM]
[31/8/2026, 20:01:01]   🚙 Car: 1 hr 11 min (71 min) | dist: 16.2 km | traffic: Unknown
[31/8/2026, 20:01:01]   🚌 Bus: 1 hr (60 min) | dist: 16.2 km
[31/8/2026, 20:01:01]   🛵 Bike: 1 hr 3 min (63 min) | dist: 16.2 km
[31/8/2026, 20:01:01] [15/40] Hazra Road / S P Mukherjee Road connector
[31/8/2026, 20:01:09]       📅 Adjusting Google Maps 'Depart at' to closest target slot: 07:00 PM
[31/8/2026, 20:01:12]       ✅ Found matching bus [42A  18C] at Depart at [07:00 PM]
[31/8/2026, 20:01:19]   🚙 Car: 25 min (25 min) | dist: 4.6 km | traffic: Unknown
[31/8/2026, 20:01:19]   🚌 Bus: 19 min (19 min) | dist: 4.6 km
[31/8/2026, 20:01:19]   🛵 Bike: 21 min (21 min) | dist: 4.6 km
[31/8/2026, 20:01:20] [16/40] Gariahat Road / Rashbehari Avenue
[31/8/2026, 20:01:27]       📅 Adjusting Google Maps 'Depart at' to closest target slot: 07:00 PM
[31/8/2026, 20:01:30]       ✅ Found matching bus [M-14] at Depart at [07:00 PM]
[31/8/2026, 20:01:38]   🚙 Car: 14 min (14 min) | dist: 2.9 km | traffic: Unknown
[31/8/2026, 20:01:38]   🚌 Bus: 10 min (10 min) | dist: 2.9 km
[31/8/2026, 20:01:38]   🛵 Bike: 13 min (13 min) | dist: 2.9 km
[31/8/2026, 20:01:38] [17/40] Chetla Road
[31/8/2026, 20:01:45]       📅 Adjusting Google Maps 'Depart at' to closest target slot: 07:00 PM
[31/8/2026, 20:01:48]       ✅ Found matching bus [S-22] at Depart at [07:00 PM]
[31/8/2026, 20:01:56]   🚙 Car: 14 min (14 min) | dist: 2.8 km | traffic: Good
[31/8/2026, 20:01:56]   🚌 Bus: 9 min (9 min) | dist: 2.8 km
[31/8/2026, 20:01:56]   🛵 Bike: 12 min (12 min) | dist: 2.8 km
[31/8/2026, 20:01:57] [18/40] Tollygunge - Taratala Road
[31/8/2026, 20:02:05]       📅 Adjusting Google Maps 'Depart at' to closest target slot: 07:00 PM
[31/8/2026, 20:02:08]       ✅ Found matching bus [SD5] at Depart at [07:00 PM]
[31/8/2026, 20:02:15]   🚙 Car: 19 min (19 min) | dist: 3.9 km | traffic: Unknown
[31/8/2026, 20:02:15]   🚌 Bus: 13 min (13 min) | dist: 3.9 km
[31/8/2026, 20:02:15]   🛵 Bike: 17 min (17 min) | dist: 3.9 km
[31/8/2026, 20:02:16] [19/40] Prince Anwar Shah Rd
[31/8/2026, 20:02:23]       📅 Adjusting Google Maps 'Depart at' to closest target slot: 07:00 PM
[31/8/2026, 20:02:26]       ✅ Found matching bus [ST-6] at Depart at [07:00 PM]
[31/8/2026, 20:02:34]   🚙 Car: 29 min (29 min) | dist: 6.9 km | traffic: Unknown
[31/8/2026, 20:02:34]   🚌 Bus: 24 min (24 min) | dist: 6.9 km
[31/8/2026, 20:02:34]   🛵 Bike: 26 min (26 min) | dist: 6.9 km
[31/8/2026, 20:02:35] [20/40] Karunamoyee Road
[31/8/2026, 20:02:42]       📅 Adjusting Google Maps 'Depart at' to closest target slot: 07:00 PM
[31/8/2026, 20:02:45]       ✅ Found matching bus [S-9] at Depart at [07:00 PM]
[31/8/2026, 20:02:52]   🚙 Car: 11 min (11 min) | dist: 3.3 km | traffic: Good
[31/8/2026, 20:02:52]   🚌 Bus: 10 min (10 min) | dist: 3.3 km
[31/8/2026, 20:02:52]   🛵 Bike: 10 min (10 min) | dist: 3.3 km
[31/8/2026, 20:02:53] [21/40] Canal South Road
[31/8/2026, 20:03:00]       📅 Adjusting Google Maps 'Depart at' to closest target slot: 07:00 PM
[31/8/2026, 20:03:03]       ✅ Found matching bus [S-22] at Depart at [07:00 PM]
[31/8/2026, 20:03:11]   🚙 Car: 18 min (18 min) | dist: 5.5 km | traffic: Unknown
[31/8/2026, 20:03:11]   🚌 Bus: 15 min (15 min) | dist: 5.5 km
[31/8/2026, 20:03:11]   🛵 Bike: 17 min (17 min) | dist: 5.5 km
[31/8/2026, 20:03:12] [22/40] VIP Road connector
[31/8/2026, 20:03:19]       📅 Adjusting Google Maps 'Depart at' to closest target slot: 07:00 PM
[31/8/2026, 20:03:22]       ✅ Found matching bus [Berachampa - Karunamoyee] at Depart at [07:00 PM]
[31/8/2026, 20:03:30]   🚙 Car: 20 min (20 min) | dist: 4.1 km | traffic: Good
[31/8/2026, 20:03:30]   🚌 Bus: 13 min (13 min) | dist: 4.1 km
[31/8/2026, 20:03:30]   🛵 Bike: 19 min (19 min) | dist: 4.1 km
[31/8/2026, 20:03:30] [23/40] Baishnabghata-Patuli
[31/8/2026, 20:03:38]       📅 Adjusting Google Maps 'Depart at' to closest target slot: 07:00 PM
[31/8/2026, 20:03:41]       ✅ Found matching bus [Kamal Gazi Bypass - Dankuni Housing] at Depart at [07:00 PM]
[31/8/2026, 20:03:48]   🚙 Car: 7 min (7 min) | dist: 1.4 km | traffic: Good
[31/8/2026, 20:03:48]   🚌 Bus: 4 min (4 min) | dist: 1.4 km
[31/8/2026, 20:03:48]   🛵 Bike: 6 min (6 min) | dist: 1.4 km
[31/8/2026, 20:03:49] [24/40] Patuli - Highland Park
[31/8/2026, 20:03:56]       📅 Adjusting Google Maps 'Depart at' to closest target slot: 07:00 PM
[31/8/2026, 20:03:59]       ✅ Found matching bus [AC-24A] at Depart at [07:00 PM]
[31/8/2026, 20:04:06]   🚙 Car: 3 min (3 min) | dist: 1.3 km | traffic: Good
[31/8/2026, 20:04:06]   🚌 Bus: 4 min (4 min) | dist: 1.3 km
[31/8/2026, 20:04:06]   🛵 Bike: 2 min (2 min) | dist: 1.3 km
[31/8/2026, 20:04:07] [25/40] Highland Park - Ajaynagar
[31/8/2026, 20:04:14]       📅 Adjusting Google Maps 'Depart at' to closest target slot: 07:00 PM
[31/8/2026, 20:04:16]       ✅ Found matching bus [AC-24A] at Depart at [07:00 PM]
[31/8/2026, 20:04:24]   🚙 Car: 2 min (2 min) | dist: 850 m | traffic: Good
[31/8/2026, 20:04:24]   🚌 Bus: 3 min (3 min) | dist: 850 m
[31/8/2026, 20:04:24]   🛵 Bike: 2 min (2 min) | dist: 850 m
[31/8/2026, 20:04:25] [26/40] Ajaynagar - Kalikapur
[31/8/2026, 20:04:32]       📅 Adjusting Google Maps 'Depart at' to closest target slot: 07:00 PM
[31/8/2026, 20:04:35]       ✅ Found matching bus [S-21] at Depart at [07:00 PM]
[31/8/2026, 20:04:43]   🚙 Car: 4 min (4 min) | dist: 1.7 km | traffic: Good
[31/8/2026, 20:04:43]   🚌 Bus: 6 min (6 min) | dist: 1.7 km
[31/8/2026, 20:04:43]   🛵 Bike: 4 min (4 min) | dist: 1.7 km
[31/8/2026, 20:04:44] [27/40] Kalikapur - Ruby
[31/8/2026, 20:04:51]       📅 Adjusting Google Maps 'Depart at' to closest target slot: 07:00 PM
[31/8/2026, 20:04:53]       ✅ Found matching bus [Barasat - Baruipur] at Depart at [07:00 PM]
[31/8/2026, 20:05:01]   🚙 Car: 4 min (4 min) | dist: 1.2 km | traffic: Good
[31/8/2026, 20:05:01]   🚌 Bus: 4 min (4 min) | dist: 1.2 km
[31/8/2026, 20:05:01]   🛵 Bike: 4 min (4 min) | dist: 1.2 km
[31/8/2026, 20:05:02] [28/40] Ruby - Science City
[31/8/2026, 20:05:09]       📅 Adjusting Google Maps 'Depart at' to closest target slot: 07:00 PM
[31/8/2026, 20:05:11]       ✅ Found matching bus [Garia No. 6 - Ultadanga] at Depart at [07:00 PM]
[31/8/2026, 20:05:19]   🚙 Car: 9 min (9 min) | dist: 4.0 km | traffic: Good
[31/8/2026, 20:05:19]   🚌 Bus: 14 min (14 min) | dist: 4.0 km
[31/8/2026, 20:05:19]   🛵 Bike: 8 min (8 min) | dist: 4.0 km
[31/8/2026, 20:05:20] [29/40] Science City - Chingrighata
[31/8/2026, 20:05:27]       📅 Adjusting Google Maps 'Depart at' to closest target slot: 07:00 PM
[31/8/2026, 20:05:30]       ✅ Found matching bus [Ecospace Amity University - Andul Station Road] at Depart at [07:00 PM]
[31/8/2026, 20:05:37]   🚙 Car: 5 min (5 min) | dist: 1.8 km | traffic: Unknown
[31/8/2026, 20:05:37]   🚌 Bus: 5 min (5 min) | dist: 1.8 km
[31/8/2026, 20:05:37]   🛵 Bike: 4 min (4 min) | dist: 1.8 km
[31/8/2026, 20:05:38] [30/40] Chingrighata - Sealdah
[31/8/2026, 20:05:45]       📅 Adjusting Google Maps 'Depart at' to closest target slot: 07:00 PM
[31/8/2026, 20:05:48]       ✅ Found matching bus [S-12N] at Depart at [07:00 PM]
[31/8/2026, 20:05:56]   🚙 Car: 18 min (18 min) | dist: 4.6 km | traffic: Good
[31/8/2026, 20:05:56]   🚌 Bus: 15 min (15 min) | dist: 4.6 km
[31/8/2026, 20:05:56]   🛵 Bike: 17 min (17 min) | dist: 4.6 km
[31/8/2026, 20:05:56] [31/40] Sealdah - Park Circus
[31/8/2026, 20:06:04]       📅 Adjusting Google Maps 'Depart at' to closest target slot: 07:00 PM
[31/8/2026, 20:06:06]       ✅ Found matching bus [DN-17  240 ] at Depart at [07:00 PM]
[31/8/2026, 20:06:13]   🚙 Car: 11 min (11 min) | dist: 2.9 km | traffic: Good
[31/8/2026, 20:06:13]   🚌 Bus: 18 min (18 min) | dist: 2.9 km
[31/8/2026, 20:06:13]   🛵 Bike: 10 min (10 min) | dist: 2.9 km
[31/8/2026, 20:06:14] [32/40] Park Circus - Science City
[31/8/2026, 20:06:22]       📅 Adjusting Google Maps 'Depart at' to closest target slot: 07:00 PM
[31/8/2026, 20:06:24]       ✅ Found matching bus [EB-14 ] at Depart at [07:00 PM]
[31/8/2026, 20:06:32]   🚙 Car: 7 min (7 min) | dist: 3.8 km | traffic: Good
[31/8/2026, 20:06:32]   🚌 Bus: 19 min (19 min) | dist: 3.8 km
[31/8/2026, 20:06:32]   🛵 Bike: 7 min (7 min) | dist: 3.8 km
[31/8/2026, 20:06:33] [33/40] Park Circus - Gariahat
[31/8/2026, 20:06:40]       📅 Adjusting Google Maps 'Depart at' to closest target slot: 07:00 PM
[31/8/2026, 20:06:42]       ✅ Found matching bus [45A] at Depart at [07:00 PM]
[31/8/2026, 20:06:50]   🚙 Car: 12 min (12 min) | dist: 2.7 km | traffic: Good
[31/8/2026, 20:06:50]   🚌 Bus: 9 min (9 min) | dist: 2.7 km
[31/8/2026, 20:06:50]   🛵 Bike: 11 min (11 min) | dist: 2.7 km
[31/8/2026, 20:06:51] [34/40] Gariahat - Ruby
[31/8/2026, 20:06:58]       📅 Adjusting Google Maps 'Depart at' to closest target slot: 07:00 PM
[31/8/2026, 20:07:01]       ✅ Found matching bus [Barasat - Botanical Garden] at Depart at [07:00 PM]
[31/8/2026, 20:07:09]   🚙 Car: 18 min (18 min) | dist: 4.1 km | traffic: High
[31/8/2026, 20:07:09]   🚌 Bus: 14 min (14 min) | dist: 4.1 km
[31/8/2026, 20:07:09]   🛵 Bike: 15 min (15 min) | dist: 4.1 km
[31/8/2026, 20:07:09] [35/40] Gariahat - Mallick Road
[31/8/2026, 20:07:16]       📅 Adjusting Google Maps 'Depart at' to closest target slot: 07:00 PM
[31/8/2026, 20:07:19]       ✅ Found matching bus [45] at Depart at [07:00 PM]
[31/8/2026, 20:07:27]   🚙 Car: 8 min (8 min) | dist: 2.0 km | traffic: Good
[31/8/2026, 20:07:27]   🚌 Bus: 7 min (7 min) | dist: 2.0 km
[31/8/2026, 20:07:27]   🛵 Bike: 8 min (8 min) | dist: 2.0 km
[31/8/2026, 20:07:28] [36/40] Jadavpur Police St. - Kalikapur
[31/8/2026, 20:07:35]       📅 Adjusting Google Maps 'Depart at' to closest target slot: 07:00 PM
[31/8/2026, 20:07:38]       ✅ Found matching bus [Cityflo] at Depart at [07:00 PM]
[31/8/2026, 20:07:45]   🚙 Car: 12 min (12 min) | dist: 3.5 km | traffic: Good
[31/8/2026, 20:07:45]   🚌 Bus: 11 min (11 min) | dist: 3.5 km
[31/8/2026, 20:07:45]   🛵 Bike: 11 min (11 min) | dist: 3.5 km
[31/8/2026, 20:07:46] [37/40] Mallick Road - Jadavpur Sulekha
[31/8/2026, 20:07:53]       📅 Adjusting Google Maps 'Depart at' to closest target slot: 07:00 PM
[31/8/2026, 20:07:55]       ✅ Found matching bus [S-31] at Depart at [07:00 PM]
[31/8/2026, 20:08:03]   🚙 Car: 6 min (6 min) | dist: 1.3 km | traffic: Good
[31/8/2026, 20:08:03]   🚌 Bus: 5 min (5 min) | dist: 1.3 km
[31/8/2026, 20:08:03]   🛵 Bike: 5 min (5 min) | dist: 1.3 km
[31/8/2026, 20:08:04] [38/40] Jadavpur Sulekha - Ajay Nagar
[31/8/2026, 20:08:11]       📅 Adjusting Google Maps 'Depart at' to closest target slot: 07:00 PM
[31/8/2026, 20:08:14]       ✅ Found matching bus [S-9] at Depart at [07:00 PM]
[31/8/2026, 20:08:22]   🚙 Car: 11 min (11 min) | dist: 3.1 km | traffic: Good
[31/8/2026, 20:08:22]   🚌 Bus: 10 min (10 min) | dist: 3.1 km
[31/8/2026, 20:08:22]   🛵 Bike: 10 min (10 min) | dist: 3.1 km
[31/8/2026, 20:08:23] [39/40] Jadavpur Sulekha - Bagha Jatin
[31/8/2026, 20:08:30]       📅 Adjusting Google Maps 'Depart at' to closest target slot: 07:00 PM
[31/8/2026, 20:08:33]       ✅ Found active bus route [S-10113C45BAC-5S-135] (Live Transit Timetable)
[31/8/2026, 20:08:41]   🚙 Car: 4 min (4 min) | dist: 900 m | traffic: Good
[31/8/2026, 20:08:41]   🚌 Bus: 4 min (4 min) | dist: 900 m
[31/8/2026, 20:08:41]   🛵 Bike: 4 min (4 min) | dist: 900 m
[31/8/2026, 20:08:42] [40/40] Bagha Jatin - Baishnabghata
[31/8/2026, 20:08:51]       📅 Adjusting Google Maps 'Depart at' to closest target slot: 07:00 PM
[31/8/2026, 20:08:53]       ✅ Found matching bus [45] at Depart at [07:00 PM]
[31/8/2026, 20:09:01]   🚙 Car: 7 min (7 min) | dist: 1.4 km | traffic: Good
[31/8/2026, 20:09:01]   🚌 Bus: 5 min (5 min) | dist: 1.4 km
[31/8/2026, 20:09:01]   🛵 Bike: 6 min (6 min) | dist: 1.4 km
[31/8/2026, 20:09:01] 
Session complete! Saving to Excel...
[31/8/2026, 20:09:07] 📊 Excel saved (styled & formatted): /home/runner/work/kolkata-traffic-collection/kolkata-traffic-collection/output/Kolkata_Traffic_Data_2026-08-31.xlsx
[1/9/2026, 01:03:23] 
════════════════════════════════════════════════════════════
[1/9/2026, 01:03:23] STARTING FETCH SESSION: manual
[1/9/2026, 01:03:23] Time (IST): 1/9/2026, 01:03:23
[1/9/2026, 01:03:23] Routes: 40
[1/9/2026, 01:03:23] ════════════════════════════════════════════════════════════
[1/9/2026, 01:03:24] [1/40] DH Road
[1/9/2026, 01:03:31]       📅 Adjusting Google Maps 'Depart at' to closest target slot: 12:00 AM
[1/9/2026, 01:03:34]       ✅ Found matching bus [AC-52] at Depart at [12:00 AM]
[1/9/2026, 01:03:42]   🚙 Car: 48 min (48 min) | dist: 19.7 km | traffic: Unknown
[1/9/2026, 01:03:42]   🚌 Bus: 1 hr 9 min (69 min) | dist: 19.7 km
[1/9/2026, 01:03:42]   🛵 Bike: 45 min (45 min) | dist: 19.7 km
[1/9/2026, 01:03:42] [2/40] B T Road
[1/9/2026, 01:03:50]       📅 Adjusting Google Maps 'Depart at' to closest target slot: 12:00 AM
[1/9/2026, 01:03:52]       ✅ Found matching bus [78] at Depart at [12:00 AM]
[1/9/2026, 01:04:00]   🚙 Car: 12 min (12 min) | dist: 6.0 km | traffic: Good
[1/9/2026, 01:04:00]   🚌 Bus: 21 min (21 min) | dist: 6.0 km
[1/9/2026, 01:04:00]   🛵 Bike: 11 min (11 min) | dist: 6.0 km
[1/9/2026, 01:04:01] [3/40] B T Road
[1/9/2026, 01:04:08]       📅 Adjusting Google Maps 'Depart at' to closest target slot: 12:00 AM
[1/9/2026, 01:04:10]       ✅ Found matching bus [78] at Depart at [12:00 AM]
[1/9/2026, 01:04:18]   🚙 Car: 18 min (18 min) | dist: 12.3 km | traffic: Good
[1/9/2026, 01:04:18]   🚌 Bus: 43 min (43 min) | dist: 12.3 km
[1/9/2026, 01:04:18]   🛵 Bike: 19 min (19 min) | dist: 12.3 km
[1/9/2026, 01:04:19] [4/40] VIP Road
[1/9/2026, 01:04:26]       📅 Adjusting Google Maps 'Depart at' to closest target slot: 12:00 AM
[1/9/2026, 01:04:29]       ✅ Found matching bus [217 ] at Depart at [12:00 AM]
[1/9/2026, 01:04:37]   🚙 Car: 24 min (24 min) | dist: 14.9 km | traffic: Unknown
[1/9/2026, 01:04:37]   🚌 Bus: 40 min (40 min) | dist: 14.9 km
[1/9/2026, 01:04:37]   🛵 Bike: 25 min (25 min) | dist: 14.9 km
[1/9/2026, 01:04:38] [5/40] Jessore Road
[1/9/2026, 01:04:45]       📅 Adjusting Google Maps 'Depart at' to closest target slot: 12:00 AM
[1/9/2026, 01:04:48]       ✅ Found matching bus [C-8] at Depart at [12:00 AM]
[1/9/2026, 01:04:56]   🚙 Car: 22 min (22 min) | dist: 11.3 km | traffic: Good
[1/9/2026, 01:04:56]   🚌 Bus: 39 min (39 min) | dist: 11.3 km
[1/9/2026, 01:04:56]   🛵 Bike: 23 min (23 min) | dist: 11.3 km
[1/9/2026, 01:04:56] [6/40] Airport Road
[1/9/2026, 01:05:04]       📅 Adjusting Google Maps 'Depart at' to closest target slot: 12:00 AM
[1/9/2026, 01:05:07]       ✅ Found matching bus [79D  30B] at Depart at [12:00 AM]
[1/9/2026, 01:05:15]   🚙 Car: 9 min (9 min) | dist: 4.8 km | traffic: Good
[1/9/2026, 01:05:15]   🚌 Bus: 1 hr 47 min (107 min) | dist: 4.8 km
[1/9/2026, 01:05:15]   🛵 Bike: 9 min (9 min) | dist: 4.8 km
[1/9/2026, 01:05:16] [7/40] APC Bose Rd
[1/9/2026, 01:05:23]       📅 Adjusting Google Maps 'Depart at' to closest target slot: 12:00 AM
[1/9/2026, 01:05:26]       ✅ Found matching bus [227] at Depart at [12:00 AM]
[1/9/2026, 01:05:34]   🚙 Car: 24 min (24 min) | dist: 8.2 km | traffic: Good
[1/9/2026, 01:05:34]   🚌 Bus: 29 min (29 min) | dist: 8.2 km
[1/9/2026, 01:05:34]   🛵 Bike: 22 min (22 min) | dist: 8.2 km
[1/9/2026, 01:05:35] [8/40] Bidhan Sarani
[1/9/2026, 01:05:43]       📅 Adjusting Google Maps 'Depart at' to closest target slot: 12:00 AM
[1/9/2026, 01:05:45]       ✅ Found matching bus [34B] at Depart at [12:00 AM]
[1/9/2026, 01:05:53]   🚙 Car: 14 min (14 min) | dist: 6.0 km | traffic: Good
[1/9/2026, 01:05:53]   🚌 Bus: 22 min (22 min) | dist: 6.0 km
[1/9/2026, 01:05:53]   🛵 Bike: 15 min (15 min) | dist: 6.0 km
[1/9/2026, 01:05:53] [9/40] Central Avenue (C R Avenue)
[1/9/2026, 01:06:01]       📅 Adjusting Google Maps 'Depart at' to closest target slot: 12:00 AM
[1/9/2026, 01:06:03]       ✅ Found matching bus [ 34B] at Depart at [12:00 AM]
[1/9/2026, 01:06:11]   🚙 Car: 13 min (13 min) | dist: 5.0 km | traffic: Good
[1/9/2026, 01:06:11]   🚌 Bus: 24 min (24 min) | dist: 5.0 km
[1/9/2026, 01:06:11]   🛵 Bike: 13 min (13 min) | dist: 5.0 km
[1/9/2026, 01:06:12] [10/40] S N Banerjee Road
[1/9/2026, 01:06:20]       📅 Adjusting Google Maps 'Depart at' to closest target slot: 12:00 AM
[1/9/2026, 01:06:22]       ✅ Found matching bus [S-12N] at Depart at [12:00 AM]
[1/9/2026, 01:06:30]   🚙 Car: 6 min (6 min) | dist: 2.3 km | traffic: Good
[1/9/2026, 01:06:30]   🚌 Bus: 7 min (7 min) | dist: 2.3 km
[1/9/2026, 01:06:30]   🛵 Bike: 5 min (5 min) | dist: 2.3 km
[1/9/2026, 01:06:31] [11/40] M G Road
[1/9/2026, 01:06:39]       📅 Adjusting Google Maps 'Depart at' to closest target slot: 12:00 AM
[1/9/2026, 01:06:41]       ✅ Found matching bus [28] at Depart at [12:00 AM]
[1/9/2026, 01:06:50]   🚙 Car: 10 min (10 min) | dist: 4.2 km | traffic: Unknown
[1/9/2026, 01:06:50]   🚌 Bus: 13 min (13 min) | dist: 4.2 km
[1/9/2026, 01:06:50]   🛵 Bike: 11 min (11 min) | dist: 4.2 km
[1/9/2026, 01:06:51] [12/40] C I T Road
[1/9/2026, 01:06:58]       📅 Adjusting Google Maps 'Depart at' to closest target slot: 12:00 AM
[1/9/2026, 01:07:00]       ✅ Found matching bus [45] at Depart at [12:00 AM]
[1/9/2026, 01:07:08]   🚙 Car: 6 min (6 min) | dist: 2.6 km | traffic: Good
[1/9/2026, 01:07:08]   🚌 Bus: 9 min (9 min) | dist: 2.6 km
[1/9/2026, 01:07:08]   🛵 Bike: 6 min (6 min) | dist: 2.6 km
[1/9/2026, 01:07:09] [13/40] Sarat Bose Road
[1/9/2026, 01:07:17]       📅 Adjusting Google Maps 'Depart at' to closest target slot: 12:00 AM
[1/9/2026, 01:07:19]       ✅ Found matching bus [221] at Depart at [12:00 AM]
[1/9/2026, 01:07:28]   🚙 Car: 9 min (9 min) | dist: 3.8 km | traffic: Good
[1/9/2026, 01:07:28]   🚌 Bus: 13 min (13 min) | dist: 3.8 km
[1/9/2026, 01:07:28]   🛵 Bike: 9 min (9 min) | dist: 3.8 km
[1/9/2026, 01:07:28] [14/40] S P Mukherjee Road
[1/9/2026, 01:07:36]       📅 Adjusting Google Maps 'Depart at' to closest target slot: 12:00 AM
[1/9/2026, 01:07:39]       ✅ Found matching bus [46B  45] at Depart at [12:00 AM]
[1/9/2026, 01:07:47]   🚙 Car: 37 min (37 min) | dist: 15.6 km | traffic: Good
[1/9/2026, 01:07:47]   🚌 Bus: 1 hr 5 min (65 min) | dist: 15.6 km
[1/9/2026, 01:07:47]   🛵 Bike: 36 min (36 min) | dist: 15.6 km
[1/9/2026, 01:07:48] [15/40] Hazra Road / S P Mukherjee Road connector
[1/9/2026, 01:07:55]       📅 Adjusting Google Maps 'Depart at' to closest target slot: 12:00 AM
[1/9/2026, 01:07:58]       ✅ Found matching bus [42A ] at Depart at [12:00 AM]
[1/9/2026, 01:08:06]   🚙 Car: 14 min (14 min) | dist: 4.6 km | traffic: Unknown
[1/9/2026, 01:08:06]   🚌 Bus: 28 min (28 min) | dist: 4.6 km
[1/9/2026, 01:08:06]   🛵 Bike: 12 min (12 min) | dist: 4.6 km
[1/9/2026, 01:08:07] [16/40] Gariahat Road / Rashbehari Avenue
[1/9/2026, 01:08:14]       📅 Adjusting Google Maps 'Depart at' to closest target slot: 12:00 AM
[1/9/2026, 01:08:17]       ✅ Found matching bus [1 ] at Depart at [12:00 AM]
[1/9/2026, 01:08:25]   🚙 Car: 7 min (7 min) | dist: 2.9 km | traffic: Good
[1/9/2026, 01:08:25]   🚌 Bus: 21 min (21 min) | dist: 2.9 km
[1/9/2026, 01:08:25]   🛵 Bike: 7 min (7 min) | dist: 2.9 km
[1/9/2026, 01:08:26] [17/40] Chetla Road
[1/9/2026, 01:08:33]       📅 Adjusting Google Maps 'Depart at' to closest target slot: 12:00 AM
[1/9/2026, 01:08:36]       ✅ Found matching bus [ 18C] at Depart at [12:00 AM]
[1/9/2026, 01:08:44]   🚙 Car: 7 min (7 min) | dist: 2.8 km | traffic: Good
[1/9/2026, 01:08:44]   🚌 Bus: 21 min (21 min) | dist: 2.8 km
[1/9/2026, 01:08:44]   🛵 Bike: 7 min (7 min) | dist: 2.8 km
[1/9/2026, 01:08:45] [18/40] Tollygunge - Taratala Road
[1/9/2026, 01:08:52]       📅 Adjusting Google Maps 'Depart at' to closest target slot: 12:00 AM
[1/9/2026, 01:08:55]       ✅ Found matching bus [ 234/1  S-131] at Depart at [12:00 AM]
[1/9/2026, 01:09:03]   🚙 Car: 9 min (9 min) | dist: 3.9 km | traffic: Good
[1/9/2026, 01:09:03]   🚌 Bus: 36 min (36 min) | dist: 3.9 km
[1/9/2026, 01:09:03]   🛵 Bike: 9 min (9 min) | dist: 3.9 km
[1/9/2026, 01:09:03] [19/40] Prince Anwar Shah Rd
[1/9/2026, 01:09:11]       📅 Adjusting Google Maps 'Depart at' to closest target slot: 12:00 AM
[1/9/2026, 01:09:14]       ✅ Found matching bus [ 1B ] at Depart at [12:00 AM]
[1/9/2026, 01:09:22]   🚙 Car: 15 min (15 min) | dist: 6.9 km | traffic: Good
[1/9/2026, 01:09:22]   🚌 Bus: 1 hr 20 min (80 min) | dist: 6.9 km
[1/9/2026, 01:09:22]   🛵 Bike: 15 min (15 min) | dist: 6.9 km
[1/9/2026, 01:09:23] [20/40] Karunamoyee Road
[1/9/2026, 01:09:30]       📅 Adjusting Google Maps 'Depart at' to closest target slot: 12:00 AM
[1/9/2026, 01:09:40]   🚙 Car: 7 min (7 min) | dist: 3.3 km | traffic: Good
[1/9/2026, 01:09:40]   🚌 Bus: N/A (? min) | dist: 3.3 km
[1/9/2026, 01:09:40]   🛵 Bike: 7 min (7 min) | dist: 3.3 km
[1/9/2026, 01:09:41] [21/40] Canal South Road
[1/9/2026, 01:09:49]       📅 Adjusting Google Maps 'Depart at' to closest target slot: 12:00 AM
[1/9/2026, 01:09:52]       ✅ Found matching bus [ AC-37A] at Depart at [12:00 AM]
[1/9/2026, 01:10:00]   🚙 Car: 11 min (11 min) | dist: 5.5 km | traffic: Good
[1/9/2026, 01:10:00]   🚌 Bus: 36 min (36 min) | dist: 5.5 km
[1/9/2026, 01:10:00]   🛵 Bike: 11 min (11 min) | dist: 5.5 km
[1/9/2026, 01:10:01] [22/40] VIP Road connector
[1/9/2026, 01:10:08]       📅 Adjusting Google Maps 'Depart at' to closest target slot: 12:00 AM
[1/9/2026, 01:10:11]       ✅ Found matching bus [201 ] at Depart at [12:00 AM]
[1/9/2026, 01:10:19]   🚙 Car: 10 min (10 min) | dist: 4.1 km | traffic: Good
[1/9/2026, 01:10:19]   🚌 Bus: 20 min (20 min) | dist: 4.1 km
[1/9/2026, 01:10:19]   🛵 Bike: 10 min (10 min) | dist: 4.1 km
[1/9/2026, 01:10:20] [23/40] Baishnabghata-Patuli
[1/9/2026, 01:10:27]       📅 Adjusting Google Maps 'Depart at' to closest target slot: 12:00 AM
[1/9/2026, 01:10:30]       ✅ Found matching bus [45] at Depart at [12:00 AM]
[1/9/2026, 01:10:38]   🚙 Car: 4 min (4 min) | dist: 1.4 km | traffic: Good
[1/9/2026, 01:10:38]   🚌 Bus: 8 min (8 min) | dist: 1.4 km
[1/9/2026, 01:10:38]   🛵 Bike: 4 min (4 min) | dist: 1.4 km
[1/9/2026, 01:10:39] [24/40] Patuli - Highland Park
[1/9/2026, 01:10:46]       📅 Adjusting Google Maps 'Depart at' to closest target slot: 12:00 AM
[1/9/2026, 01:10:56]   🚙 Car: 2 min (2 min) | dist: 1.3 km | traffic: Good
[1/9/2026, 01:10:56]   🚌 Bus: N/A (? min) | dist: 1.3 km
[1/9/2026, 01:10:56]   🛵 Bike: 2 min (2 min) | dist: 1.3 km
[1/9/2026, 01:10:57] [25/40] Highland Park - Ajaynagar
[1/9/2026, 01:11:05]       📅 Adjusting Google Maps 'Depart at' to closest target slot: 12:00 AM
[1/9/2026, 01:11:15]   🚙 Car: 2 min (2 min) | dist: 850 m | traffic: Good
[1/9/2026, 01:11:15]   🚌 Bus: N/A (? min) | dist: 850 m
[1/9/2026, 01:11:15]   🛵 Bike: 2 min (2 min) | dist: 850 m
[1/9/2026, 01:11:16] [26/40] Ajaynagar - Kalikapur
[1/9/2026, 01:11:25]       📅 Adjusting Google Maps 'Depart at' to closest target slot: 12:00 AM
[1/9/2026, 01:11:27]       ✅ Found active bus route [ 1] (Live Transit Timetable)
[1/9/2026, 01:11:35]   🚙 Car: 4 min (4 min) | dist: 1.7 km | traffic: Good
[1/9/2026, 01:11:35]   🚌 Bus: 11 min (11 min) | dist: 1.7 km
[1/9/2026, 01:11:35]   🛵 Bike: 4 min (4 min) | dist: 1.7 km
[1/9/2026, 01:11:36] [27/40] Kalikapur - Ruby
[1/9/2026, 01:11:44]       📅 Adjusting Google Maps 'Depart at' to closest target slot: 12:00 AM
[1/9/2026, 01:11:54]   🚙 Car: 2 min (2 min) | dist: 1.2 km | traffic: Good
[1/9/2026, 01:11:54]   🚌 Bus: N/A (? min) | dist: 1.2 km
[1/9/2026, 01:11:54]   🛵 Bike: 2 min (2 min) | dist: 1.2 km
[1/9/2026, 01:11:55] [28/40] Ruby - Science City
[1/9/2026, 01:12:02]       📅 Adjusting Google Maps 'Depart at' to closest target slot: 12:00 AM
[1/9/2026, 01:12:05]       ✅ Found active bus route [24A/1 ] (Live Transit Timetable)
[1/9/2026, 01:12:13]   🚙 Car: 7 min (7 min) | dist: 4.0 km | traffic: Good
[1/9/2026, 01:12:13]   🚌 Bus: 26 min (26 min) | dist: 4.0 km
[1/9/2026, 01:12:13]   🛵 Bike: 7 min (7 min) | dist: 4.0 km
[1/9/2026, 01:12:14] [29/40] Science City - Chingrighata
[1/9/2026, 01:12:22]       📅 Adjusting Google Maps 'Depart at' to closest target slot: 12:00 AM
[1/9/2026, 01:12:33]   🚙 Car: 3 min (3 min) | dist: 1.9 km | traffic: Good
[1/9/2026, 01:12:33]   🚌 Bus: N/A (? min) | dist: 1.9 km
[1/9/2026, 01:12:33]   🛵 Bike: 3 min (3 min) | dist: 1.9 km
[1/9/2026, 01:12:34] [30/40] Chingrighata - Sealdah
[1/9/2026, 01:12:41]       📅 Adjusting Google Maps 'Depart at' to closest target slot: 12:00 AM
[1/9/2026, 01:12:44]       ✅ Found matching bus [S-12N] at Depart at [12:00 AM]
[1/9/2026, 01:12:52]   🚙 Car: 9 min (9 min) | dist: 4.6 km | traffic: Good
[1/9/2026, 01:12:52]   🚌 Bus: 15 min (15 min) | dist: 4.6 km
[1/9/2026, 01:12:52]   🛵 Bike: 9 min (9 min) | dist: 4.6 km
[1/9/2026, 01:12:53] [31/40] Sealdah - Park Circus
[1/9/2026, 01:13:00]       📅 Adjusting Google Maps 'Depart at' to closest target slot: 12:00 AM
[1/9/2026, 01:13:03]       ✅ Found matching bus [S-12N  230 ] at Depart at [12:00 AM]
[1/9/2026, 01:13:11]   🚙 Car: 7 min (7 min) | dist: 2.9 km | traffic: Good
[1/9/2026, 01:13:11]   🚌 Bus: 45 min (45 min) | dist: 2.9 km
[1/9/2026, 01:13:11]   🛵 Bike: 6 min (6 min) | dist: 2.9 km
[1/9/2026, 01:13:12] [32/40] Park Circus - Science City
[1/9/2026, 01:13:20]       📅 Adjusting Google Maps 'Depart at' to closest target slot: 12:00 AM
[1/9/2026, 01:13:22]       ✅ Found matching bus [Ecospace Amity University - Andul Station Road ] at Depart at [12:00 AM]
[1/9/2026, 01:13:30]   🚙 Car: 5 min (5 min) | dist: 3.8 km | traffic: Good
[1/9/2026, 01:13:30]   🚌 Bus: 19 min (19 min) | dist: 3.8 km
[1/9/2026, 01:13:30]   🛵 Bike: 7 min (7 min) | dist: 3.8 km
[1/9/2026, 01:13:31] [33/40] Park Circus - Gariahat
[1/9/2026, 01:13:39]       📅 Adjusting Google Maps 'Depart at' to closest target slot: 12:00 AM
[1/9/2026, 01:13:41]       ✅ Found matching bus [45] at Depart at [12:00 AM]
[1/9/2026, 01:13:48]   🚙 Car: 6 min (6 min) | dist: 2.7 km | traffic: Good
[1/9/2026, 01:13:48]   🚌 Bus: 12 min (12 min) | dist: 2.7 km
[1/9/2026, 01:13:48]   🛵 Bike: 7 min (7 min) | dist: 2.7 km
[1/9/2026, 01:13:49] [34/40] Gariahat - Ruby
[1/9/2026, 01:13:57]       📅 Adjusting Google Maps 'Depart at' to closest target slot: 12:00 AM
[1/9/2026, 01:13:59]       ✅ Found matching bus [18B/1] at Depart at [12:00 AM]
[1/9/2026, 01:14:08]   🚙 Car: 8 min (8 min) | dist: 4.1 km | traffic: Good
[1/9/2026, 01:14:08]   🚌 Bus: 14 min (14 min) | dist: 4.1 km
[1/9/2026, 01:14:08]   🛵 Bike: 8 min (8 min) | dist: 4.1 km
[1/9/2026, 01:14:09] [35/40] Gariahat - Mallick Road
[1/9/2026, 01:14:16]       📅 Adjusting Google Maps 'Depart at' to closest target slot: 12:00 AM
[1/9/2026, 01:14:19]       ✅ Found matching bus [45] at Depart at [12:00 AM]
[1/9/2026, 01:14:27]   🚙 Car: 4 min (4 min) | dist: 2.0 km | traffic: Good
[1/9/2026, 01:14:27]   🚌 Bus: 7 min (7 min) | dist: 2.0 km
[1/9/2026, 01:14:27]   🛵 Bike: 4 min (4 min) | dist: 2.0 km
[1/9/2026, 01:14:28] [36/40] Jadavpur Police St. - Kalikapur
[1/9/2026, 01:14:35]       📅 Adjusting Google Maps 'Depart at' to closest target slot: 12:00 AM
[1/9/2026, 01:14:38]       ✅ Found matching bus [1B ] at Depart at [12:00 AM]
[1/9/2026, 01:14:46]   🚙 Car: 7 min (7 min) | dist: 3.5 km | traffic: Good
[1/9/2026, 01:14:46]   🚌 Bus: 42 min (42 min) | dist: 3.5 km
[1/9/2026, 01:14:46]   🛵 Bike: 7 min (7 min) | dist: 3.5 km
[1/9/2026, 01:14:47] [37/40] Mallick Road - Jadavpur Sulekha
[1/9/2026, 01:14:55]       📅 Adjusting Google Maps 'Depart at' to closest target slot: 12:00 AM
[1/9/2026, 01:14:57]       ✅ Found matching bus [1A] at Depart at [12:00 AM]
[1/9/2026, 01:15:05]   🚙 Car: 2 min (2 min) | dist: 1.3 km | traffic: Good
[1/9/2026, 01:15:05]   🚌 Bus: 4 min (4 min) | dist: 1.3 km
[1/9/2026, 01:15:05]   🛵 Bike: 2 min (2 min) | dist: 1.3 km
[1/9/2026, 01:15:06] [38/40] Jadavpur Sulekha - Ajay Nagar
[1/9/2026, 01:15:14]       📅 Adjusting Google Maps 'Depart at' to closest target slot: 12:00 AM
[1/9/2026, 01:15:16]       ✅ Found matching bus [S-9] at Depart at [12:00 AM]
[1/9/2026, 01:15:24]   🚙 Car: 6 min (6 min) | dist: 3.1 km | traffic: Good
[1/9/2026, 01:15:24]   🚌 Bus: 10 min (10 min) | dist: 3.1 km
[1/9/2026, 01:15:24]   🛵 Bike: 6 min (6 min) | dist: 3.1 km
[1/9/2026, 01:15:25] [39/40] Jadavpur Sulekha - Bagha Jatin
[1/9/2026, 01:15:32]       📅 Adjusting Google Maps 'Depart at' to closest target slot: 12:00 AM
[1/9/2026, 01:15:35]       ✅ Found matching bus [13C] at Depart at [12:00 AM]
[1/9/2026, 01:15:43]   🚙 Car: 2 min (2 min) | dist: 900 m | traffic: Good
[1/9/2026, 01:15:43]   🚌 Bus: 3 min (3 min) | dist: 900 m
[1/9/2026, 01:15:43]   🛵 Bike: 2 min (2 min) | dist: 900 m
[1/9/2026, 01:15:44] [40/40] Bagha Jatin - Baishnabghata
[1/9/2026, 01:15:52]       📅 Adjusting Google Maps 'Depart at' to closest target slot: 12:00 AM
[1/9/2026, 01:15:54]       ✅ Found matching bus [45] at Depart at [12:00 AM]
[1/9/2026, 01:16:02]   🚙 Car: 3 min (3 min) | dist: 1.4 km | traffic: Good
[1/9/2026, 01:16:02]   🚌 Bus: 5 min (5 min) | dist: 1.4 km
[1/9/2026, 01:16:02]   🛵 Bike: 3 min (3 min) | dist: 1.4 km
[1/9/2026, 01:16:03] 
Session complete! Saving to Excel...
[1/9/2026, 01:16:03] 📊 Excel saved (styled & formatted): /home/runner/work/kolkata-traffic-collection/kolkata-traffic-collection/output/Kolkata_Traffic_Data_2026-09-01.xlsx
[1/9/2026, 04:27:55] 
════════════════════════════════════════════════════════════
[1/9/2026, 04:27:55] STARTING FETCH SESSION: manual
[1/9/2026, 04:27:55] Time (IST): 1/9/2026, 04:27:55
[1/9/2026, 04:27:55] Routes: 40
[1/9/2026, 04:27:55] ════════════════════════════════════════════════════════════
[1/9/2026, 04:27:55] [1/40] DH Road
[1/9/2026, 04:28:03]       📅 Adjusting Google Maps 'Depart at' to closest target slot: 12:00 AM
[1/9/2026, 04:28:05]       ✅ Found matching bus [AC-52] at Depart at [12:00 AM]
[1/9/2026, 04:28:13]   🚙 Car: 45 min (45 min) | dist: 19.7 km | traffic: Good
[1/9/2026, 04:28:13]   🚌 Bus: 1 hr 9 min (69 min) | dist: 19.7 km
[1/9/2026, 04:28:13]   🛵 Bike: 41 min (41 min) | dist: 19.7 km
[1/9/2026, 04:28:14] [2/40] B T Road
[1/9/2026, 04:28:21]       📅 Adjusting Google Maps 'Depart at' to closest target slot: 12:00 AM
[1/9/2026, 04:28:23]       ✅ Found matching bus [78] at Depart at [12:00 AM]
[1/9/2026, 04:28:31]   🚙 Car: 11 min (11 min) | dist: 6.0 km | traffic: Good
[1/9/2026, 04:28:31]   🚌 Bus: 21 min (21 min) | dist: 6.0 km
[1/9/2026, 04:28:31]   🛵 Bike: 10 min (10 min) | dist: 6.0 km
[1/9/2026, 04:28:32] [3/40] B T Road
[1/9/2026, 04:28:39]       📅 Adjusting Google Maps 'Depart at' to closest target slot: 12:00 AM
[1/9/2026, 04:28:41]       ✅ Found matching bus [78] at Depart at [12:00 AM]
[1/9/2026, 04:28:49]   🚙 Car: 18 min (18 min) | dist: 12.3 km | traffic: Good
[1/9/2026, 04:28:49]   🚌 Bus: 43 min (43 min) | dist: 12.3 km
[1/9/2026, 04:28:49]   🛵 Bike: 18 min (18 min) | dist: 12.3 km
[1/9/2026, 04:28:50] [4/40] VIP Road
[1/9/2026, 04:28:57]       📅 Adjusting Google Maps 'Depart at' to closest target slot: 12:00 AM
[1/9/2026, 04:29:00]       ✅ Found matching bus [217 ] at Depart at [12:00 AM]
[1/9/2026, 04:29:08]   🚙 Car: 23 min (23 min) | dist: 14.9 km | traffic: Unknown
[1/9/2026, 04:29:08]   🚌 Bus: 40 min (40 min) | dist: 14.9 km
[1/9/2026, 04:29:08]   🛵 Bike: 24 min (24 min) | dist: 14.9 km
[1/9/2026, 04:29:09] [5/40] Jessore Road
[1/9/2026, 04:29:16]       📅 Adjusting Google Maps 'Depart at' to closest target slot: 12:00 AM
[1/9/2026, 04:29:18]       ✅ Found matching bus [C-8] at Depart at [12:00 AM]
[1/9/2026, 04:29:26]   🚙 Car: 22 min (22 min) | dist: 11.3 km | traffic: Unknown
[1/9/2026, 04:29:26]   🚌 Bus: 39 min (39 min) | dist: 11.3 km
[1/9/2026, 04:29:26]   🛵 Bike: 21 min (21 min) | dist: 11.3 km
[1/9/2026, 04:29:27] [6/40] Airport Road
[1/9/2026, 04:29:34]       📅 Adjusting Google Maps 'Depart at' to closest target slot: 12:00 AM
[1/9/2026, 04:29:37]       ✅ Found matching bus [79D  30B] at Depart at [12:00 AM]
[1/9/2026, 04:29:44]   🚙 Car: 9 min (9 min) | dist: 4.8 km | traffic: Unknown
[1/9/2026, 04:29:44]   🚌 Bus: 1 hr 47 min (107 min) | dist: 4.8 km
[1/9/2026, 04:29:44]   🛵 Bike: 10 min (10 min) | dist: 4.8 km
[1/9/2026, 04:29:45] [7/40] APC Bose Rd
[1/9/2026, 04:29:53]       📅 Adjusting Google Maps 'Depart at' to closest target slot: 12:00 AM
[1/9/2026, 04:29:55]       ✅ Found matching bus [227] at Depart at [12:00 AM]
[1/9/2026, 04:30:03]   🚙 Car: 21 min (21 min) | dist: 8.2 km | traffic: Good
[1/9/2026, 04:30:03]   🚌 Bus: 29 min (29 min) | dist: 8.2 km
[1/9/2026, 04:30:03]   🛵 Bike: 20 min (20 min) | dist: 8.2 km
[1/9/2026, 04:30:03] [8/40] Bidhan Sarani
[1/9/2026, 04:30:11]       📅 Adjusting Google Maps 'Depart at' to closest target slot: 12:00 AM
[1/9/2026, 04:30:13]       ✅ Found matching bus [34B] at Depart at [12:00 AM]
[1/9/2026, 04:30:21]   🚙 Car: 13 min (13 min) | dist: 6.0 km | traffic: Good
[1/9/2026, 04:30:21]   🚌 Bus: 22 min (22 min) | dist: 6.0 km
[1/9/2026, 04:30:21]   🛵 Bike: 13 min (13 min) | dist: 6.0 km
[1/9/2026, 04:30:22] [9/40] Central Avenue (C R Avenue)
[1/9/2026, 04:30:29]       📅 Adjusting Google Maps 'Depart at' to closest target slot: 12:00 AM
[1/9/2026, 04:30:31]       ✅ Found matching bus [ 34B] at Depart at [12:00 AM]
[1/9/2026, 04:30:39]   🚙 Car: 12 min (12 min) | dist: 5.0 km | traffic: Good
[1/9/2026, 04:30:39]   🚌 Bus: 24 min (24 min) | dist: 5.0 km
[1/9/2026, 04:30:39]   🛵 Bike: 12 min (12 min) | dist: 5.0 km
[1/9/2026, 04:30:40] [10/40] S N Banerjee Road
[1/9/2026, 04:30:47]       📅 Adjusting Google Maps 'Depart at' to closest target slot: 12:00 AM
[1/9/2026, 04:30:50]       ✅ Found matching bus [Santragachhi - Sealdah - B.R. Singh Hospital] at Depart at [12:00 AM]
[1/9/2026, 04:30:57]   🚙 Car: 6 min (6 min) | dist: 2.3 km | traffic: Good
[1/9/2026, 04:30:57]   🚌 Bus: 8 min (8 min) | dist: 2.3 km
[1/9/2026, 04:30:57]   🛵 Bike: 5 min (5 min) | dist: 2.3 km
[1/9/2026, 04:30:58] [11/40] M G Road
[1/9/2026, 04:31:06]       📅 Adjusting Google Maps 'Depart at' to closest target slot: 12:00 AM
[1/9/2026, 04:31:08]       ✅ Found matching bus [28] at Depart at [12:00 AM]
[1/9/2026, 04:31:16]   🚙 Car: 10 min (10 min) | dist: 4.2 km | traffic: Good
[1/9/2026, 04:31:16]   🚌 Bus: 13 min (13 min) | dist: 4.2 km
[1/9/2026, 04:31:16]   🛵 Bike: 10 min (10 min) | dist: 4.2 km
[1/9/2026, 04:31:17] [12/40] C I T Road
[1/9/2026, 04:31:24]       📅 Adjusting Google Maps 'Depart at' to closest target slot: 12:00 AM
[1/9/2026, 04:31:27]       ✅ Found matching bus [45] at Depart at [12:00 AM]
[1/9/2026, 04:31:35]   🚙 Car: 6 min (6 min) | dist: 2.6 km | traffic: Good
[1/9/2026, 04:31:35]   🚌 Bus: 9 min (9 min) | dist: 2.6 km
[1/9/2026, 04:31:35]   🛵 Bike: 6 min (6 min) | dist: 2.6 km
[1/9/2026, 04:31:35] [13/40] Sarat Bose Road
[1/9/2026, 04:31:43]       📅 Adjusting Google Maps 'Depart at' to closest target slot: 12:00 AM
[1/9/2026, 04:31:45]       ✅ Found matching bus [221] at Depart at [12:00 AM]
[1/9/2026, 04:31:53]   🚙 Car: 9 min (9 min) | dist: 3.8 km | traffic: Good
[1/9/2026, 04:31:53]   🚌 Bus: 13 min (13 min) | dist: 3.8 km
[1/9/2026, 04:31:53]   🛵 Bike: 9 min (9 min) | dist: 3.8 km
[1/9/2026, 04:31:54] [14/40] S P Mukherjee Road
[1/9/2026, 04:32:02]       📅 Adjusting Google Maps 'Depart at' to closest target slot: 12:00 AM
[1/9/2026, 04:32:04]       ✅ Found matching bus [46B  45] at Depart at [12:00 AM]
[1/9/2026, 04:32:12]   🚙 Car: 34 min (34 min) | dist: 15.6 km | traffic: Good
[1/9/2026, 04:32:12]   🚌 Bus: 1 hr 5 min (65 min) | dist: 15.6 km
[1/9/2026, 04:32:12]   🛵 Bike: 33 min (33 min) | dist: 15.6 km
[1/9/2026, 04:32:12] [15/40] Hazra Road / S P Mukherjee Road connector
[1/9/2026, 04:32:20]       📅 Adjusting Google Maps 'Depart at' to closest target slot: 12:00 AM
[1/9/2026, 04:32:22]       ✅ Found matching bus [42A ] at Depart at [12:00 AM]
[1/9/2026, 04:32:30]   🚙 Car: 11 min (11 min) | dist: 4.6 km | traffic: Good
[1/9/2026, 04:32:30]   🚌 Bus: 28 min (28 min) | dist: 4.6 km
[1/9/2026, 04:32:30]   🛵 Bike: 10 min (10 min) | dist: 4.6 km
[1/9/2026, 04:32:31] [16/40] Gariahat Road / Rashbehari Avenue
[1/9/2026, 04:32:39]       📅 Adjusting Google Maps 'Depart at' to closest target slot: 12:00 AM
[1/9/2026, 04:32:41]       ✅ Found matching bus [1 ] at Depart at [12:00 AM]
[1/9/2026, 04:32:49]   🚙 Car: 6 min (6 min) | dist: 2.9 km | traffic: Good
[1/9/2026, 04:32:49]   🚌 Bus: 21 min (21 min) | dist: 2.9 km
[1/9/2026, 04:32:49]   🛵 Bike: 6 min (6 min) | dist: 2.9 km
[1/9/2026, 04:32:50] [17/40] Chetla Road
[1/9/2026, 04:32:57]       📅 Adjusting Google Maps 'Depart at' to closest target slot: 12:00 AM
[1/9/2026, 04:33:00]       ✅ Found matching bus [ 18C] at Depart at [12:00 AM]
[1/9/2026, 04:33:08]   🚙 Car: 7 min (7 min) | dist: 2.8 km | traffic: Good
[1/9/2026, 04:33:08]   🚌 Bus: 21 min (21 min) | dist: 2.8 km
[1/9/2026, 04:33:08]   🛵 Bike: 6 min (6 min) | dist: 2.8 km
[1/9/2026, 04:33:08] [18/40] Tollygunge - Taratala Road
[1/9/2026, 04:33:16]       📅 Adjusting Google Maps 'Depart at' to closest target slot: 12:00 AM
[1/9/2026, 04:33:18]       ✅ Found matching bus [ 234/1  S-131] at Depart at [12:00 AM]
[1/9/2026, 04:33:26]   🚙 Car: 10 min (10 min) | dist: 3.9 km | traffic: Good
[1/9/2026, 04:33:26]   🚌 Bus: 36 min (36 min) | dist: 3.9 km
[1/9/2026, 04:33:26]   🛵 Bike: 8 min (8 min) | dist: 3.9 km
[1/9/2026, 04:33:27] [19/40] Prince Anwar Shah Rd
[1/9/2026, 04:33:34]       📅 Adjusting Google Maps 'Depart at' to closest target slot: 12:00 AM
[1/9/2026, 04:33:37]       ✅ Found matching bus [ 1B ] at Depart at [12:00 AM]
[1/9/2026, 04:33:45]   🚙 Car: 13 min (13 min) | dist: 6.9 km | traffic: Good
[1/9/2026, 04:33:45]   🚌 Bus: 1 hr 20 min (80 min) | dist: 6.9 km
[1/9/2026, 04:33:45]   🛵 Bike: 13 min (13 min) | dist: 6.9 km
[1/9/2026, 04:33:46] [20/40] Karunamoyee Road
[1/9/2026, 04:33:53]       📅 Adjusting Google Maps 'Depart at' to closest target slot: 12:00 AM
[1/9/2026, 04:34:03]   🚙 Car: 7 min (7 min) | dist: 3.3 km | traffic: Good
[1/9/2026, 04:34:03]   🚌 Bus: N/A (? min) | dist: 3.3 km
[1/9/2026, 04:34:03]   🛵 Bike: 7 min (7 min) | dist: 3.3 km
[1/9/2026, 04:34:04] [21/40] Canal South Road
[1/9/2026, 04:34:11]       📅 Adjusting Google Maps 'Depart at' to closest target slot: 12:00 AM
[1/9/2026, 04:34:14]       ✅ Found matching bus [ AC-37A] at Depart at [12:00 AM]
[1/9/2026, 04:34:21]   🚙 Car: 10 min (10 min) | dist: 5.5 km | traffic: Good
[1/9/2026, 04:34:21]   🚌 Bus: 36 min (36 min) | dist: 5.5 km
[1/9/2026, 04:34:21]   🛵 Bike: 11 min (11 min) | dist: 5.5 km
[1/9/2026, 04:34:22] [22/40] VIP Road connector
[1/9/2026, 04:34:30]       📅 Adjusting Google Maps 'Depart at' to closest target slot: 12:00 AM
[1/9/2026, 04:34:32]       ✅ Found matching bus [201 ] at Depart at [12:00 AM]
[1/9/2026, 04:34:39]   🚙 Car: 9 min (9 min) | dist: 4.1 km | traffic: Good
[1/9/2026, 04:34:39]   🚌 Bus: 20 min (20 min) | dist: 4.1 km
[1/9/2026, 04:34:39]   🛵 Bike: 9 min (9 min) | dist: 4.1 km
[1/9/2026, 04:34:40] [23/40] Baishnabghata-Patuli
[1/9/2026, 04:34:48]       📅 Adjusting Google Maps 'Depart at' to closest target slot: 12:00 AM
[1/9/2026, 04:34:50]       ✅ Found matching bus [45] at Depart at [12:00 AM]
[1/9/2026, 04:34:58]   🚙 Car: 4 min (4 min) | dist: 1.4 km | traffic: Good
[1/9/2026, 04:34:58]   🚌 Bus: 8 min (8 min) | dist: 1.4 km
[1/9/2026, 04:34:58]   🛵 Bike: 4 min (4 min) | dist: 1.4 km
[1/9/2026, 04:34:59] [24/40] Patuli - Highland Park
[1/9/2026, 04:35:06]       📅 Adjusting Google Maps 'Depart at' to closest target slot: 12:00 AM
[1/9/2026, 04:35:09]       ✅ Found active bus route [AC-50A45AAC-37S-21S-24] (Live Transit Timetable)
[1/9/2026, 04:35:17]   🚙 Car: 2 min (2 min) | dist: 1.3 km | traffic: Good
[1/9/2026, 04:35:17]   🚌 Bus: 4 min (4 min) | dist: 1.3 km
[1/9/2026, 04:35:17]   🛵 Bike: 2 min (2 min) | dist: 1.3 km
[1/9/2026, 04:35:18] [25/40] Highland Park - Ajaynagar
[1/9/2026, 04:35:25]       📅 Adjusting Google Maps 'Depart at' to closest target slot: 12:00 AM
[1/9/2026, 04:35:28]       ✅ Found active bus route [AC-50A45AAC-37S-21S-24] (Live Transit Timetable)
[1/9/2026, 04:35:36]   🚙 Car: 1 min (1 min) | dist: 850 m | traffic: Good
[1/9/2026, 04:35:36]   🚌 Bus: 3 min (3 min) | dist: 850 m
[1/9/2026, 04:35:36]   🛵 Bike: 2 min (2 min) | dist: 850 m
[1/9/2026, 04:35:36] [26/40] Ajaynagar - Kalikapur
[1/9/2026, 04:35:44]       📅 Adjusting Google Maps 'Depart at' to closest target slot: 12:00 AM
[1/9/2026, 04:35:46]       ✅ Found active bus route [ 1] (Live Transit Timetable)
[1/9/2026, 04:35:54]   🚙 Car: 3 min (3 min) | dist: 1.7 km | traffic: Good
[1/9/2026, 04:35:54]   🚌 Bus: 11 min (11 min) | dist: 1.7 km
[1/9/2026, 04:35:54]   🛵 Bike: 3 min (3 min) | dist: 1.7 km
[1/9/2026, 04:35:55] [27/40] Kalikapur - Ruby
[1/9/2026, 04:36:02]       📅 Adjusting Google Maps 'Depart at' to closest target slot: 12:00 AM
[1/9/2026, 04:36:05]       ✅ Found active bus route [24A/1AC-50AS-9S-21S-24] (Live Transit Timetable)
[1/9/2026, 04:36:13]   🚙 Car: 2 min (2 min) | dist: 1.2 km | traffic: Good
[1/9/2026, 04:36:13]   🚌 Bus: 4 min (4 min) | dist: 1.2 km
[1/9/2026, 04:36:13]   🛵 Bike: 2 min (2 min) | dist: 1.2 km
[1/9/2026, 04:36:13] [28/40] Ruby - Science City
[1/9/2026, 04:36:21]       📅 Adjusting Google Maps 'Depart at' to closest target slot: 12:00 AM
[1/9/2026, 04:36:24]       ✅ Found active bus route [24A/1S-24 ] (Live Transit Timetable)
[1/9/2026, 04:36:32]   🚙 Car: 6 min (6 min) | dist: 4.0 km | traffic: Good
[1/9/2026, 04:36:32]   🚌 Bus: 26 min (26 min) | dist: 4.0 km
[1/9/2026, 04:36:32]   🛵 Bike: 6 min (6 min) | dist: 4.0 km
[1/9/2026, 04:36:32] [29/40] Science City - Chingrighata
[1/9/2026, 04:36:40]       📅 Adjusting Google Maps 'Depart at' to closest target slot: 12:00 AM
[1/9/2026, 04:36:43]       ✅ Found active bus route [ C-2342AC-50AS-9S-21] (Live Transit Timetable)
[1/9/2026, 04:36:51]   🚙 Car: 3 min (3 min) | dist: 1.9 km | traffic: Good
[1/9/2026, 04:36:51]   🚌 Bus: 13 min (13 min) | dist: 1.9 km
[1/9/2026, 04:36:51]   🛵 Bike: 3 min (3 min) | dist: 1.9 km
[1/9/2026, 04:36:52] [30/40] Chingrighata - Sealdah
[1/9/2026, 04:36:59]       📅 Adjusting Google Maps 'Depart at' to closest target slot: 12:00 AM
[1/9/2026, 04:37:02]       ✅ Found matching bus [S-12N] at Depart at [12:00 AM]
[1/9/2026, 04:37:09]   🚙 Car: 10 min (10 min) | dist: 4.6 km | traffic: Good
[1/9/2026, 04:37:09]   🚌 Bus: 15 min (15 min) | dist: 4.6 km
[1/9/2026, 04:37:09]   🛵 Bike: 10 min (10 min) | dist: 4.6 km
[1/9/2026, 04:37:10] [31/40] Sealdah - Park Circus
[1/9/2026, 04:37:17]       📅 Adjusting Google Maps 'Depart at' to closest target slot: 12:00 AM
[1/9/2026, 04:37:20]       ✅ Found matching bus [S-12N  230 ] at Depart at [12:00 AM]
[1/9/2026, 04:37:27]   🚙 Car: 7 min (7 min) | dist: 2.9 km | traffic: Good
[1/9/2026, 04:37:27]   🚌 Bus: 45 min (45 min) | dist: 2.9 km
[1/9/2026, 04:37:27]   🛵 Bike: 7 min (7 min) | dist: 2.9 km
[1/9/2026, 04:37:28] [32/40] Park Circus - Science City
[1/9/2026, 04:37:35]       📅 Adjusting Google Maps 'Depart at' to closest target slot: 12:00 AM
[1/9/2026, 04:37:38]       ✅ Found matching bus [Ecospace Amity University - Andul Station Road ] at Depart at [12:00 AM]
[1/9/2026, 04:37:46]   🚙 Car: 5 min (5 min) | dist: 3.8 km | traffic: Good
[1/9/2026, 04:37:46]   🚌 Bus: 19 min (19 min) | dist: 3.8 km
[1/9/2026, 04:37:46]   🛵 Bike: 5 min (5 min) | dist: 3.8 km
[1/9/2026, 04:37:47] [33/40] Park Circus - Gariahat
[1/9/2026, 04:37:54]       📅 Adjusting Google Maps 'Depart at' to closest target slot: 12:00 AM
[1/9/2026, 04:37:57]       ✅ Found matching bus [45] at Depart at [12:00 AM]
[1/9/2026, 04:38:07]   🚙 Car: 5 min (5 min) | dist: 2.7 km | traffic: Good
[1/9/2026, 04:38:07]   🚌 Bus: 12 min (12 min) | dist: 2.7 km
[1/9/2026, 04:38:07]   🛵 Bike: 6 min (6 min) | dist: 2.7 km
[1/9/2026, 04:38:08] [34/40] Gariahat - Ruby
[1/9/2026, 04:38:15]       📅 Adjusting Google Maps 'Depart at' to closest target slot: 12:00 AM
[1/9/2026, 04:38:18]       ✅ Found matching bus [18B/1] at Depart at [12:00 AM]
[1/9/2026, 04:38:26]   🚙 Car: 7 min (7 min) | dist: 4.1 km | traffic: Good
[1/9/2026, 04:38:26]   🚌 Bus: 14 min (14 min) | dist: 4.1 km
[1/9/2026, 04:38:26]   🛵 Bike: 7 min (7 min) | dist: 4.1 km
[1/9/2026, 04:38:27] [35/40] Gariahat - Mallick Road
[1/9/2026, 04:38:34]       📅 Adjusting Google Maps 'Depart at' to closest target slot: 12:00 AM
[1/9/2026, 04:38:37]       ✅ Found matching bus [45] at Depart at [12:00 AM]
[1/9/2026, 04:38:44]   🚙 Car: 4 min (4 min) | dist: 2.0 km | traffic: Good
[1/9/2026, 04:38:44]   🚌 Bus: 7 min (7 min) | dist: 2.0 km
[1/9/2026, 04:38:44]   🛵 Bike: 4 min (4 min) | dist: 2.0 km
[1/9/2026, 04:38:45] [36/40] Jadavpur Police St. - Kalikapur
[1/9/2026, 04:38:53]       📅 Adjusting Google Maps 'Depart at' to closest target slot: 12:00 AM
[1/9/2026, 04:38:55]       ✅ Found matching bus [1B ] at Depart at [12:00 AM]
[1/9/2026, 04:39:03]   🚙 Car: 6 min (6 min) | dist: 3.5 km | traffic: Good
[1/9/2026, 04:39:03]   🚌 Bus: 42 min (42 min) | dist: 3.5 km
[1/9/2026, 04:39:03]   🛵 Bike: 6 min (6 min) | dist: 3.5 km
[1/9/2026, 04:39:04] [37/40] Mallick Road - Jadavpur Sulekha
[1/9/2026, 04:39:11]       📅 Adjusting Google Maps 'Depart at' to closest target slot: 12:00 AM
[1/9/2026, 04:39:13]       ✅ Found matching bus [1A] at Depart at [12:00 AM]
[1/9/2026, 04:39:21]   🚙 Car: 2 min (2 min) | dist: 1.3 km | traffic: Good
[1/9/2026, 04:39:21]   🚌 Bus: 4 min (4 min) | dist: 1.3 km
[1/9/2026, 04:39:21]   🛵 Bike: 2 min (2 min) | dist: 1.3 km
[1/9/2026, 04:39:22] [38/40] Jadavpur Sulekha - Ajay Nagar
[1/9/2026, 04:39:29]       📅 Adjusting Google Maps 'Depart at' to closest target slot: 12:00 AM
[1/9/2026, 04:39:32]       ✅ Found matching bus [S-9] at Depart at [12:00 AM]
[1/9/2026, 04:39:40]   🚙 Car: 6 min (6 min) | dist: 3.1 km | traffic: Good
[1/9/2026, 04:39:40]   🚌 Bus: 10 min (10 min) | dist: 3.1 km
[1/9/2026, 04:39:40]   🛵 Bike: 7 min (7 min) | dist: 3.1 km
[1/9/2026, 04:39:40] [39/40] Jadavpur Sulekha - Bagha Jatin
[1/9/2026, 04:39:48]       📅 Adjusting Google Maps 'Depart at' to closest target slot: 12:00 AM
[1/9/2026, 04:39:50]       ✅ Found matching bus [13C] at Depart at [12:00 AM]
[1/9/2026, 04:39:58]   🚙 Car: 2 min (2 min) | dist: 900 m | traffic: Good
[1/9/2026, 04:39:58]   🚌 Bus: 3 min (3 min) | dist: 900 m
[1/9/2026, 04:39:58]   🛵 Bike: 2 min (2 min) | dist: 900 m
[1/9/2026, 04:39:59] [40/40] Bagha Jatin - Baishnabghata
[1/9/2026, 04:40:06]       📅 Adjusting Google Maps 'Depart at' to closest target slot: 12:00 AM
[1/9/2026, 04:40:09]       ✅ Found matching bus [45] at Depart at [12:00 AM]
[1/9/2026, 04:40:16]   🚙 Car: 3 min (3 min) | dist: 1.4 km | traffic: Good
[1/9/2026, 04:40:16]   🚌 Bus: 5 min (5 min) | dist: 1.4 km
[1/9/2026, 04:40:16]   🛵 Bike: 3 min (3 min) | dist: 1.4 km
[1/9/2026, 04:40:17] 
Session complete! Saving to Excel...
[1/9/2026, 04:40:17] 📊 Excel saved (styled & formatted): /home/runner/work/kolkata-traffic-collection/kolkata-traffic-collection/output/Kolkata_Traffic_Data_2026-09-01.xlsx
[1/9/2026, 15:02:28] 
════════════════════════════════════════════════════════════
[1/9/2026, 15:02:28] STARTING FETCH SESSION: manual
[1/9/2026, 15:02:28] Time (IST): 1/9/2026, 15:02:28
[1/9/2026, 15:02:28] Routes: 40
[1/9/2026, 15:02:28] ════════════════════════════════════════════════════════════
[1/9/2026, 15:02:29] [1/40] DH Road
[1/9/2026, 15:02:37]       📅 Adjusting Google Maps 'Depart at' to closest target slot: 10:00 AM
[1/9/2026, 15:02:39]       ✅ Found matching bus [Matched Bus Route] at Depart at [10:00 AM]
[1/9/2026, 15:02:47]   🚙 Car: 1 hr 3 min (63 min) | dist: 19.7 km | traffic: Unknown
[1/9/2026, 15:02:47]   🚌 Bus: 1 hr 9 min (69 min) | dist: 19.7 km
[1/9/2026, 15:02:47]   🛵 Bike: 58 min (58 min) | dist: 19.7 km
[1/9/2026, 15:02:48] [2/40] B T Road
[1/9/2026, 15:02:55]       📅 Adjusting Google Maps 'Depart at' to closest target slot: 10:00 AM
[1/9/2026, 15:02:57]       ✅ Found matching bus [Matched Bus Route] at Depart at [10:00 AM]
[1/9/2026, 15:03:05]   🚙 Car: 23 min (23 min) | dist: 6.0 km | traffic: Unknown
[1/9/2026, 15:03:05]   🚌 Bus: 21 min (21 min) | dist: 6.0 km
[1/9/2026, 15:03:05]   🛵 Bike: 21 min (21 min) | dist: 6.0 km
[1/9/2026, 15:03:06] [3/40] B T Road
[1/9/2026, 15:03:14]       📅 Adjusting Google Maps 'Depart at' to closest target slot: 10:00 AM
[1/9/2026, 15:03:16]       ✅ Found matching bus [Matched Bus Route] at Depart at [10:00 AM]
[1/9/2026, 15:03:24]   🚙 Car: 28 min (28 min) | dist: 12.3 km | traffic: Good
[1/9/2026, 15:03:24]   🚌 Bus: 43 min (43 min) | dist: 12.3 km
[1/9/2026, 15:03:24]   🛵 Bike: 27 min (27 min) | dist: 12.3 km
[1/9/2026, 15:03:25] [4/40] VIP Road
[1/9/2026, 15:03:32]       📅 Adjusting Google Maps 'Depart at' to closest target slot: 10:00 AM
[1/9/2026, 15:03:35]       ✅ Found matching bus [Matched Bus Route] at Depart at [10:00 AM]
[1/9/2026, 15:03:43]   🚙 Car: 36 min (36 min) | dist: 13.8 km | traffic: Good
[1/9/2026, 15:03:43]   🚌 Bus: 32 min (32 min) | dist: 13.8 km
[1/9/2026, 15:03:43]   🛵 Bike: 33 min (33 min) | dist: 13.8 km
[1/9/2026, 15:03:44] [5/40] Jessore Road
[1/9/2026, 15:03:51]       📅 Adjusting Google Maps 'Depart at' to closest target slot: 10:00 AM
[1/9/2026, 15:03:54]       ✅ Found matching bus [Matched Bus Route] at Depart at [10:00 AM]
[1/9/2026, 15:04:02]   🚙 Car: 43 min (43 min) | dist: 11.3 km | traffic: Good
[1/9/2026, 15:04:02]   🚌 Bus: 38 min (38 min) | dist: 11.3 km
[1/9/2026, 15:04:02]   🛵 Bike: 39 min (39 min) | dist: 11.3 km
[1/9/2026, 15:04:03] [6/40] Airport Road
[1/9/2026, 15:04:11]       📅 Adjusting Google Maps 'Depart at' to closest target slot: 10:00 AM
[1/9/2026, 15:04:13]       ✅ Found matching bus [Matched Bus Route] at Depart at [10:00 AM]
[1/9/2026, 15:04:21]   🚙 Car: 17 min (17 min) | dist: 4.8 km | traffic: Unknown
[1/9/2026, 15:04:21]   🚌 Bus: 17 min (17 min) | dist: 4.8 km
[1/9/2026, 15:04:21]   🛵 Bike: 16 min (16 min) | dist: 4.8 km
[1/9/2026, 15:04:22] [7/40] APC Bose Rd
[1/9/2026, 15:04:30]       📅 Adjusting Google Maps 'Depart at' to closest target slot: 10:00 AM
[1/9/2026, 15:04:33]       ✅ Found matching bus [Matched Bus Route] at Depart at [10:00 AM]
[1/9/2026, 15:04:42]   🚙 Car: 39 min (39 min) | dist: 8.2 km | traffic: Good
[1/9/2026, 15:04:42]   🚌 Bus: 32 min (32 min) | dist: 8.2 km
[1/9/2026, 15:04:42]   🛵 Bike: 35 min (35 min) | dist: 8.2 km
[1/9/2026, 15:04:42] [8/40] Bidhan Sarani
[1/9/2026, 15:04:50]       📅 Adjusting Google Maps 'Depart at' to closest target slot: 10:00 AM
[1/9/2026, 15:04:52]       ✅ Found matching bus [Matched Bus Route] at Depart at [10:00 AM]
[1/9/2026, 15:05:00]   🚙 Car: 29 min (29 min) | dist: 6.0 km | traffic: Good
[1/9/2026, 15:05:00]   🚌 Bus: 22 min (22 min) | dist: 6.0 km
[1/9/2026, 15:05:00]   🛵 Bike: 26 min (26 min) | dist: 6.0 km
[1/9/2026, 15:05:01] [9/40] Central Avenue (C R Avenue)
[1/9/2026, 15:05:08]       📅 Adjusting Google Maps 'Depart at' to closest target slot: 10:00 AM
[1/9/2026, 15:05:11]       ✅ Found matching bus [Matched Bus Route] at Depart at [10:00 AM]
[1/9/2026, 15:05:19]   🚙 Car: 24 min (24 min) | dist: 5.0 km | traffic: Good
[1/9/2026, 15:05:19]   🚌 Bus: 17 min (17 min) | dist: 5.0 km
[1/9/2026, 15:05:19]   🛵 Bike: 21 min (21 min) | dist: 5.0 km
[1/9/2026, 15:05:19] [10/40] S N Banerjee Road
[1/9/2026, 15:05:27]       📅 Adjusting Google Maps 'Depart at' to closest target slot: 10:00 AM
[1/9/2026, 15:05:30]       ✅ Found matching bus [Matched Bus Route] at Depart at [10:00 AM]
[1/9/2026, 15:05:38]   🚙 Car: 15 min (15 min) | dist: 2.3 km | traffic: Unknown
[1/9/2026, 15:05:38]   🚌 Bus: 7 min (7 min) | dist: 2.3 km
[1/9/2026, 15:05:38]   🛵 Bike: 12 min (12 min) | dist: 2.3 km
[1/9/2026, 15:05:39] [11/40] M G Road
[1/9/2026, 15:05:46]       📅 Adjusting Google Maps 'Depart at' to closest target slot: 10:00 AM
[1/9/2026, 15:05:49]       ✅ Found matching bus [Matched Bus Route] at Depart at [10:00 AM]
[1/9/2026, 15:05:57]   🚙 Car: 26 min (26 min) | dist: 4.2 km | traffic: Unknown
[1/9/2026, 15:05:57]   🚌 Bus: 13 min (13 min) | dist: 4.2 km
[1/9/2026, 15:05:57]   🛵 Bike: 22 min (22 min) | dist: 4.2 km
[1/9/2026, 15:05:58] [12/40] C I T Road
[1/9/2026, 15:06:06]       📅 Adjusting Google Maps 'Depart at' to closest target slot: 10:00 AM
[1/9/2026, 15:06:08]       ✅ Found matching bus [Matched Bus Route] at Depart at [10:00 AM]
[1/9/2026, 15:06:16]   🚙 Car: 12 min (12 min) | dist: 2.6 km | traffic: Good
[1/9/2026, 15:06:16]   🚌 Bus: 9 min (9 min) | dist: 2.6 km
[1/9/2026, 15:06:16]   🛵 Bike: 11 min (11 min) | dist: 2.6 km
[1/9/2026, 15:06:17] [13/40] Sarat Bose Road
[1/9/2026, 15:06:24]       📅 Adjusting Google Maps 'Depart at' to closest target slot: 10:00 AM
[1/9/2026, 15:06:27]       ✅ Found matching bus [Matched Bus Route] at Depart at [10:00 AM]
[1/9/2026, 15:06:35]   🚙 Car: 19 min (19 min) | dist: 3.8 km | traffic: Good
[1/9/2026, 15:06:35]   🚌 Bus: 18 min (18 min) | dist: 3.8 km
[1/9/2026, 15:06:35]   🛵 Bike: 17 min (17 min) | dist: 3.8 km
[1/9/2026, 15:06:36] [14/40] S P Mukherjee Road
[1/9/2026, 15:06:44]       📅 Adjusting Google Maps 'Depart at' to closest target slot: 10:00 AM
[1/9/2026, 15:06:46]       ✅ Found matching bus [Matched Bus Route] at Depart at [10:00 AM]
[1/9/2026, 15:06:54]   🚙 Car: 1 hr 1 min (61 min) | dist: 15.9 km | traffic: Unknown
[1/9/2026, 15:06:54]   🚌 Bus: 1 hr (60 min) | dist: 15.9 km
[1/9/2026, 15:06:54]   🛵 Bike: 54 min (54 min) | dist: 15.9 km
[1/9/2026, 15:06:55] [15/40] Hazra Road / S P Mukherjee Road connector
[1/9/2026, 15:07:03]       📅 Adjusting Google Maps 'Depart at' to closest target slot: 10:00 AM
[1/9/2026, 15:07:05]       ✅ Found matching bus [Matched Bus Route] at Depart at [10:00 AM]
[1/9/2026, 15:07:13]   🚙 Car: 28 min (28 min) | dist: 4.9 km | traffic: Unknown
[1/9/2026, 15:07:13]   🚌 Bus: 34 min (34 min) | dist: 4.9 km
[1/9/2026, 15:07:13]   🛵 Bike: 25 min (25 min) | dist: 4.9 km
[1/9/2026, 15:07:14] [16/40] Gariahat Road / Rashbehari Avenue
[1/9/2026, 15:07:22]       📅 Adjusting Google Maps 'Depart at' to closest target slot: 10:00 AM
[1/9/2026, 15:07:24]       ✅ Found matching bus [Matched Bus Route] at Depart at [10:00 AM]
[1/9/2026, 15:07:32]   🚙 Car: 11 min (11 min) | dist: 2.9 km | traffic: Good
[1/9/2026, 15:07:32]   🚌 Bus: 10 min (10 min) | dist: 2.9 km
[1/9/2026, 15:07:32]   🛵 Bike: 11 min (11 min) | dist: 2.9 km
[1/9/2026, 15:07:33] [17/40] Chetla Road
[1/9/2026, 15:07:41]       📅 Adjusting Google Maps 'Depart at' to closest target slot: 10:00 AM
[1/9/2026, 15:07:44]       ✅ Found matching bus [Matched Bus Route] at Depart at [10:00 AM]
[1/9/2026, 15:07:52]   🚙 Car: 11 min (11 min) | dist: 2.8 km | traffic: Unknown
[1/9/2026, 15:07:52]   🚌 Bus: 9 min (9 min) | dist: 2.8 km
[1/9/2026, 15:07:52]   🛵 Bike: 10 min (10 min) | dist: 2.8 km
[1/9/2026, 15:07:53] [18/40] Taratala Road
[1/9/2026, 15:08:00]       📅 Adjusting Google Maps 'Depart at' to closest target slot: 10:00 AM
[1/9/2026, 15:08:03]       ✅ Found matching bus [Matched Bus Route] at Depart at [10:00 AM]
[1/9/2026, 15:08:11]   🚙 Car: 17 min (17 min) | dist: 3.9 km | traffic: Unknown
[1/9/2026, 15:08:11]   🚌 Bus: 13 min (13 min) | dist: 3.9 km
[1/9/2026, 15:08:11]   🛵 Bike: 15 min (15 min) | dist: 3.9 km
[1/9/2026, 15:08:12] [19/40] Prince Anwar Shah Rd
[1/9/2026, 15:08:20]       📅 Adjusting Google Maps 'Depart at' to closest target slot: 10:00 AM
[1/9/2026, 15:08:22]       ✅ Found matching bus [Matched Bus Route] at Depart at [10:00 AM]
[1/9/2026, 15:08:30]   🚙 Car: 23 min (23 min) | dist: 6.9 km | traffic: Good
[1/9/2026, 15:08:30]   🚌 Bus: 24 min (24 min) | dist: 6.9 km
[1/9/2026, 15:08:30]   🛵 Bike: 22 min (22 min) | dist: 6.9 km
[1/9/2026, 15:08:31] [20/40] Karunamoyee Road
[1/9/2026, 15:08:39]       📅 Adjusting Google Maps 'Depart at' to closest target slot: 10:00 AM
[1/9/2026, 15:08:42]       ✅ Found matching bus [Matched Bus Route] at Depart at [10:00 AM]
[1/9/2026, 15:08:50]   🚙 Car: 11 min (11 min) | dist: 3.3 km | traffic: Good
[1/9/2026, 15:08:50]   🚌 Bus: 10 min (10 min) | dist: 3.3 km
[1/9/2026, 15:08:50]   🛵 Bike: 10 min (10 min) | dist: 3.3 km
[1/9/2026, 15:08:50] [21/40] Canal South Road
[1/9/2026, 15:08:58]       📅 Adjusting Google Maps 'Depart at' to closest target slot: 10:00 AM
[1/9/2026, 15:09:01]       ✅ Found matching bus [Matched Bus Route] at Depart at [10:00 AM]
[1/9/2026, 15:09:09]   🚙 Car: 22 min (22 min) | dist: 5.5 km | traffic: Good
[1/9/2026, 15:09:09]   🚌 Bus: 15 min (15 min) | dist: 5.5 km
[1/9/2026, 15:09:09]   🛵 Bike: 19 min (19 min) | dist: 5.5 km
[1/9/2026, 15:09:09] [22/40] VIP Road connector
[1/9/2026, 15:09:17]       📅 Adjusting Google Maps 'Depart at' to closest target slot: 10:00 AM
[1/9/2026, 15:09:20]       ✅ Found matching bus [Matched Bus Route] at Depart at [10:00 AM]
[1/9/2026, 15:09:28]   🚙 Car: 15 min (15 min) | dist: 4.1 km | traffic: Good
[1/9/2026, 15:09:28]   🚌 Bus: 13 min (13 min) | dist: 4.1 km
[1/9/2026, 15:09:28]   🛵 Bike: 14 min (14 min) | dist: 4.1 km
[1/9/2026, 15:09:29] [23/40] Baishnabghata-Patuli
[1/9/2026, 15:09:36]       📅 Adjusting Google Maps 'Depart at' to closest target slot: 10:00 AM
[1/9/2026, 15:09:39]       ✅ Found matching bus [Matched Bus Route] at Depart at [10:00 AM]
[1/9/2026, 15:09:47]   🚙 Car: 5 min (5 min) | dist: 1.4 km | traffic: Good
[1/9/2026, 15:09:47]   🚌 Bus: 4 min (4 min) | dist: 1.4 km
[1/9/2026, 15:09:47]   🛵 Bike: 5 min (5 min) | dist: 1.4 km
[1/9/2026, 15:09:48] [24/40] Patuli - Highland Park
[1/9/2026, 15:09:55]       📅 Adjusting Google Maps 'Depart at' to closest target slot: 10:00 AM
[1/9/2026, 15:09:57]       ✅ Found matching bus [Matched Bus Route] at Depart at [10:00 AM]
[1/9/2026, 15:10:05]   🚙 Car: 2 min (2 min) | dist: 1.3 km | traffic: Good
[1/9/2026, 15:10:05]   🚌 Bus: 4 min (4 min) | dist: 1.3 km
[1/9/2026, 15:10:05]   🛵 Bike: 2 min (2 min) | dist: 1.3 km
[1/9/2026, 15:10:06] [25/40] Highland Park - Ajaynagar
[1/9/2026, 15:10:14]       📅 Adjusting Google Maps 'Depart at' to closest target slot: 10:00 AM
[1/9/2026, 15:10:16]       ✅ Found matching bus [Matched Bus Route] at Depart at [10:00 AM]
[1/9/2026, 15:10:24]   🚙 Car: 2 min (2 min) | dist: 850 m | traffic: Good
[1/9/2026, 15:10:24]   🚌 Bus: 3 min (3 min) | dist: 850 m
[1/9/2026, 15:10:24]   🛵 Bike: 2 min (2 min) | dist: 850 m
[1/9/2026, 15:10:25] [26/40] Ajaynagar - Kalikapur
[1/9/2026, 15:10:33]       📅 Adjusting Google Maps 'Depart at' to closest target slot: 10:00 AM
[1/9/2026, 15:10:36]       ✅ Found matching bus [Matched Bus Route] at Depart at [10:00 AM]
[1/9/2026, 15:10:44]   🚙 Car: 4 min (4 min) | dist: 1.7 km | traffic: Good
[1/9/2026, 15:10:44]   🚌 Bus: 6 min (6 min) | dist: 1.7 km
[1/9/2026, 15:10:44]   🛵 Bike: 4 min (4 min) | dist: 1.7 km
[1/9/2026, 15:10:45] [27/40] Kalikapur - Ruby
[1/9/2026, 15:10:53]       📅 Adjusting Google Maps 'Depart at' to closest target slot: 10:00 AM
[1/9/2026, 15:10:55]       ✅ Found matching bus [Matched Bus Route] at Depart at [10:00 AM]
[1/9/2026, 15:11:03]   🚙 Car: 3 min (3 min) | dist: 1.2 km | traffic: Good
[1/9/2026, 15:11:03]   🚌 Bus: 4 min (4 min) | dist: 1.2 km
[1/9/2026, 15:11:03]   🛵 Bike: 3 min (3 min) | dist: 1.2 km
[1/9/2026, 15:11:04] [28/40] Ruby - Science City
[1/9/2026, 15:11:11]       📅 Adjusting Google Maps 'Depart at' to closest target slot: 10:00 AM
[1/9/2026, 15:11:14]       ✅ Found matching bus [Matched Bus Route] at Depart at [10:00 AM]
[1/9/2026, 15:11:22]   🚙 Car: 11 min (11 min) | dist: 4.0 km | traffic: Unknown
[1/9/2026, 15:11:22]   🚌 Bus: 14 min (14 min) | dist: 4.0 km
[1/9/2026, 15:11:22]   🛵 Bike: 9 min (9 min) | dist: 4.0 km
[1/9/2026, 15:11:22] [29/40] Science City - Chingrighata
[1/9/2026, 15:11:30]       📅 Adjusting Google Maps 'Depart at' to closest target slot: 10:00 AM
[1/9/2026, 15:11:33]       ✅ Found matching bus [Matched Bus Route] at Depart at [10:00 AM]
[1/9/2026, 15:11:40]   🚙 Car: 4 min (4 min) | dist: 1.9 km | traffic: Good
[1/9/2026, 15:11:40]   🚌 Bus: 6 min (6 min) | dist: 1.9 km
[1/9/2026, 15:11:40]   🛵 Bike: 4 min (4 min) | dist: 1.9 km
[1/9/2026, 15:11:41] [30/40] Chingrighata - Sealdah
[1/9/2026, 15:11:49]       📅 Adjusting Google Maps 'Depart at' to closest target slot: 10:00 AM
[1/9/2026, 15:11:52]       ✅ Found matching bus [Matched Bus Route] at Depart at [10:00 AM]
[1/9/2026, 15:11:59]   🚙 Car: 16 min (16 min) | dist: 4.6 km | traffic: Good
[1/9/2026, 15:11:59]   🚌 Bus: 16 min (16 min) | dist: 4.6 km
[1/9/2026, 15:11:59]   🛵 Bike: 14 min (14 min) | dist: 4.6 km
[1/9/2026, 15:12:00] [31/40] Sealdah - Park Circus
[1/9/2026, 15:12:08]       📅 Adjusting Google Maps 'Depart at' to closest target slot: 10:00 AM
[1/9/2026, 15:12:10]       ✅ Found matching bus [Matched Bus Route] at Depart at [10:00 AM]
[1/9/2026, 15:12:18]   🚙 Car: 11 min (11 min) | dist: 2.9 km | traffic: Good
[1/9/2026, 15:12:18]   🚌 Bus: 14 min (14 min) | dist: 2.9 km
[1/9/2026, 15:12:18]   🛵 Bike: 11 min (11 min) | dist: 2.9 km
[1/9/2026, 15:12:19] [32/40] Park Circus - Science City
[1/9/2026, 15:12:27]       📅 Adjusting Google Maps 'Depart at' to closest target slot: 10:00 AM
[1/9/2026, 15:12:29]       ✅ Found matching bus [Matched Bus Route] at Depart at [10:00 AM]
[1/9/2026, 15:12:38]   🚙 Car: 6 min (6 min) | dist: 3.8 km | traffic: Good
[1/9/2026, 15:12:38]   🚌 Bus: 19 min (19 min) | dist: 3.8 km
[1/9/2026, 15:12:38]   🛵 Bike: 6 min (6 min) | dist: 3.8 km
[1/9/2026, 15:12:38] [33/40] Park Circus - Gariahat
[1/9/2026, 15:12:46]       📅 Adjusting Google Maps 'Depart at' to closest target slot: 10:00 AM
[1/9/2026, 15:12:48]       ✅ Found matching bus [] at Depart at [10:00 AM]
[1/9/2026, 15:12:56]   🚙 Car: 12 min (12 min) | dist: 2.7 km | traffic: Good
[1/9/2026, 15:12:56]   🚌 Bus: 9 min (9 min) | dist: 2.7 km
[1/9/2026, 15:12:56]   🛵 Bike: 13 min (13 min) | dist: 2.7 km
[1/9/2026, 15:12:57] [34/40] Gariahat - Ruby
[1/9/2026, 15:13:05]       📅 Adjusting Google Maps 'Depart at' to closest target slot: 10:00 AM
[1/9/2026, 15:13:07]       ✅ Found matching bus [Matched Bus Route] at Depart at [10:00 AM]
[1/9/2026, 15:13:15]   🚙 Car: 12 min (12 min) | dist: 4.1 km | traffic: High
[1/9/2026, 15:13:15]   🚌 Bus: 13 min (13 min) | dist: 4.1 km
[1/9/2026, 15:13:15]   🛵 Bike: 12 min (12 min) | dist: 4.1 km
[1/9/2026, 15:13:16] [35/40] Gariahat - Mallick Road
[1/9/2026, 15:13:24]       📅 Adjusting Google Maps 'Depart at' to closest target slot: 10:00 AM
[1/9/2026, 15:13:26]       ✅ Found matching bus [Matched Bus Route] at Depart at [10:00 AM]
[1/9/2026, 15:13:35]   🚙 Car: 9 min (9 min) | dist: 2.2 km | traffic: Unknown
[1/9/2026, 15:13:35]   🚌 Bus: 7 min (7 min) | dist: 2.2 km
[1/9/2026, 15:13:35]   🛵 Bike: 9 min (9 min) | dist: 2.2 km
[1/9/2026, 15:13:36] [36/40] Jadavpur Police St. - Kalikapur
[1/9/2026, 15:13:43]       📅 Adjusting Google Maps 'Depart at' to closest target slot: 10:00 AM
[1/9/2026, 15:13:46]       ✅ Found matching bus [Matched Bus Route] at Depart at [10:00 AM]
[1/9/2026, 15:13:54]   🚙 Car: 9 min (9 min) | dist: 3.5 km | traffic: Good
[1/9/2026, 15:13:54]   🚌 Bus: 13 min (13 min) | dist: 3.5 km
[1/9/2026, 15:13:54]   🛵 Bike: 9 min (9 min) | dist: 3.5 km
[1/9/2026, 15:13:55] [37/40] Mallick Road - Jadavpur Sulekha
[1/9/2026, 15:14:03]       📅 Adjusting Google Maps 'Depart at' to closest target slot: 10:00 AM
[1/9/2026, 15:14:05]       ✅ Found matching bus [Matched Bus Route] at Depart at [10:00 AM]
[1/9/2026, 15:14:13]   🚙 Car: 4 min (4 min) | dist: 1.3 km | traffic: Good
[1/9/2026, 15:14:13]   🚌 Bus: 4 min (4 min) | dist: 1.3 km
[1/9/2026, 15:14:13]   🛵 Bike: 4 min (4 min) | dist: 1.3 km
[1/9/2026, 15:14:14] [38/40] Jadavpur Sulekha - Ajay Nagar
[1/9/2026, 15:14:21]       📅 Adjusting Google Maps 'Depart at' to closest target slot: 10:00 AM
[1/9/2026, 15:14:24]       ✅ Found matching bus [Matched Bus Route] at Depart at [10:00 AM]
[1/9/2026, 15:14:32]   🚙 Car: 9 min (9 min) | dist: 3.1 km | traffic: Good
[1/9/2026, 15:14:32]   🚌 Bus: 10 min (10 min) | dist: 3.1 km
[1/9/2026, 15:14:32]   🛵 Bike: 9 min (9 min) | dist: 3.1 km
[1/9/2026, 15:14:33] [39/40] Jadavpur Sulekha - Bagha Jatin
[1/9/2026, 15:14:41]       📅 Adjusting Google Maps 'Depart at' to closest target slot: 10:00 AM
[1/9/2026, 15:14:44]       ✅ Found matching bus [Matched Bus Route] at Depart at [10:00 AM]
[1/9/2026, 15:14:52]   🚙 Car: 3 min (3 min) | dist: 900 m | traffic: Good
[1/9/2026, 15:14:52]   🚌 Bus: 3 min (3 min) | dist: 900 m
[1/9/2026, 15:14:52]   🛵 Bike: 3 min (3 min) | dist: 900 m
[1/9/2026, 15:14:53] [40/40] Bagha Jatin - Baishnabghata
[1/9/2026, 15:15:01]       📅 Adjusting Google Maps 'Depart at' to closest target slot: 10:00 AM
[1/9/2026, 15:15:03]       ✅ Found matching bus [Matched Bus Route] at Depart at [10:00 AM]
[1/9/2026, 15:15:11]   🚙 Car: 5 min (5 min) | dist: 1.4 km | traffic: Good
[1/9/2026, 15:15:11]   🚌 Bus: 5 min (5 min) | dist: 1.4 km
[1/9/2026, 15:15:11]   🛵 Bike: 4 min (4 min) | dist: 1.4 km
[1/9/2026, 15:15:12] 
Session complete! Saving to Excel...
[1/9/2026, 15:15:12] 📊 Excel saved (styled & formatted): /home/runner/work/kolkata-traffic-collection/kolkata-traffic-collection/output/Kolkata_Traffic_Data_2026-09-01.xlsx
[1/9/2026, 18:09:40] 
════════════════════════════════════════════════════════════
[1/9/2026, 18:09:40] STARTING FETCH SESSION: manual
[1/9/2026, 18:09:40] Time (IST): 1/9/2026, 18:09:40
[1/9/2026, 18:09:40] Routes: 40
[1/9/2026, 18:09:40] ════════════════════════════════════════════════════════════
[1/9/2026, 18:09:41] [1/40] DH Road
[1/9/2026, 18:09:48]       📅 Adjusting Google Maps 'Depart at' to closest target slot: 01:00 PM
[1/9/2026, 18:09:50]       ✅ Found matching bus [Matched Bus Route] at Depart at [01:00 PM]
[1/9/2026, 18:09:58]   🚙 Car: 1 hr 17 min (77 min) | dist: 21.4 km | traffic: Unknown
[1/9/2026, 18:09:58]   🚌 Bus: 1 hr 9 min (69 min) | dist: 21.4 km
[1/9/2026, 18:09:58]   🛵 Bike: 1 hr 8 min (68 min) | dist: 21.4 km
[1/9/2026, 18:09:59] [2/40] B T Road
[1/9/2026, 18:10:06]       📅 Adjusting Google Maps 'Depart at' to closest target slot: 01:00 PM
[1/9/2026, 18:10:08]       ✅ Found matching bus [Matched Bus Route] at Depart at [01:00 PM]
[1/9/2026, 18:10:16]   🚙 Car: 24 min (24 min) | dist: 6.0 km | traffic: Good
[1/9/2026, 18:10:16]   🚌 Bus: 21 min (21 min) | dist: 6.0 km
[1/9/2026, 18:10:16]   🛵 Bike: 21 min (21 min) | dist: 6.0 km
[1/9/2026, 18:10:17] [3/40] B T Road
[1/9/2026, 18:10:24]       📅 Adjusting Google Maps 'Depart at' to closest target slot: 01:00 PM
[1/9/2026, 18:10:27]       ✅ Found matching bus [Matched Bus Route] at Depart at [01:00 PM]
[1/9/2026, 18:10:34]   🚙 Car: 31 min (31 min) | dist: 12.3 km | traffic: Unknown
[1/9/2026, 18:10:34]   🚌 Bus: 43 min (43 min) | dist: 12.3 km
[1/9/2026, 18:10:34]   🛵 Bike: 30 min (30 min) | dist: 12.3 km
[1/9/2026, 18:10:35] [4/40] VIP Road
[1/9/2026, 18:10:43]       📅 Adjusting Google Maps 'Depart at' to closest target slot: 01:00 PM
[1/9/2026, 18:10:45]       ✅ Found matching bus [Matched Bus Route] at Depart at [01:00 PM]
[1/9/2026, 18:10:53]   🚙 Car: 40 min (40 min) | dist: 13.8 km | traffic: Good
[1/9/2026, 18:10:53]   🚌 Bus: 41 min (41 min) | dist: 13.8 km
[1/9/2026, 18:10:53]   🛵 Bike: 35 min (35 min) | dist: 13.8 km
[1/9/2026, 18:10:54] [5/40] Jessore Road
[1/9/2026, 18:11:02]       📅 Adjusting Google Maps 'Depart at' to closest target slot: 01:00 PM
[1/9/2026, 18:11:04]       ✅ Found matching bus [Matched Bus Route] at Depart at [01:00 PM]
[1/9/2026, 18:11:12]   🚙 Car: 39 min (39 min) | dist: 11.3 km | traffic: Good
[1/9/2026, 18:11:12]   🚌 Bus: 42 min (42 min) | dist: 11.3 km
[1/9/2026, 18:11:12]   🛵 Bike: 34 min (34 min) | dist: 11.3 km
[1/9/2026, 18:11:12] [6/40] Airport Road
[1/9/2026, 18:11:20]       📅 Adjusting Google Maps 'Depart at' to closest target slot: 01:00 PM
[1/9/2026, 18:11:23]       ✅ Found matching bus [Matched Bus Route] at Depart at [01:00 PM]
[1/9/2026, 18:11:31]   🚙 Car: 19 min (19 min) | dist: 4.8 km | traffic: Unknown
[1/9/2026, 18:11:31]   🚌 Bus: 41 min (41 min) | dist: 4.8 km
[1/9/2026, 18:11:31]   🛵 Bike: 16 min (16 min) | dist: 4.8 km
[1/9/2026, 18:11:32] [7/40] APC Bose Rd
[1/9/2026, 18:11:40]       📅 Adjusting Google Maps 'Depart at' to closest target slot: 01:00 PM
[1/9/2026, 18:11:42]       ✅ Found matching bus [Matched Bus Route] at Depart at [01:00 PM]
[1/9/2026, 18:11:50]   🚙 Car: 44 min (44 min) | dist: 8.2 km | traffic: Good
[1/9/2026, 18:11:50]   🚌 Bus: 29 min (29 min) | dist: 8.2 km
[1/9/2026, 18:11:50]   🛵 Bike: 39 min (39 min) | dist: 8.2 km
[1/9/2026, 18:11:51] [8/40] Bidhan Sarani
[1/9/2026, 18:11:59]       📅 Adjusting Google Maps 'Depart at' to closest target slot: 01:00 PM
[1/9/2026, 18:12:01]       ✅ Found matching bus [Matched Bus Route] at Depart at [01:00 PM]
[1/9/2026, 18:12:09]   🚙 Car: 30 min (30 min) | dist: 6.0 km | traffic: Unknown
[1/9/2026, 18:12:09]   🚌 Bus: 22 min (22 min) | dist: 6.0 km
[1/9/2026, 18:12:09]   🛵 Bike: 26 min (26 min) | dist: 6.0 km
[1/9/2026, 18:12:10] [9/40] Central Avenue (C R Avenue)
[1/9/2026, 18:12:18]       📅 Adjusting Google Maps 'Depart at' to closest target slot: 01:00 PM
[1/9/2026, 18:12:20]       ✅ Found matching bus [Matched Bus Route] at Depart at [01:00 PM]
[1/9/2026, 18:12:28]   🚙 Car: 24 min (24 min) | dist: 5.0 km | traffic: Good
[1/9/2026, 18:12:28]   🚌 Bus: 24 min (24 min) | dist: 5.0 km
[1/9/2026, 18:12:28]   🛵 Bike: 21 min (21 min) | dist: 5.0 km
[1/9/2026, 18:12:29] [10/40] S N Banerjee Road
[1/9/2026, 18:12:36]       📅 Adjusting Google Maps 'Depart at' to closest target slot: 01:00 PM
[1/9/2026, 18:12:39]       ✅ Found matching bus [Matched Bus Route] at Depart at [01:00 PM]
[1/9/2026, 18:12:47]   🚙 Car: 13 min (13 min) | dist: 2.3 km | traffic: Good
[1/9/2026, 18:12:47]   🚌 Bus: 7 min (7 min) | dist: 2.3 km
[1/9/2026, 18:12:47]   🛵 Bike: 10 min (10 min) | dist: 2.3 km
[1/9/2026, 18:12:48] [11/40] M G Road
[1/9/2026, 18:12:55]       📅 Adjusting Google Maps 'Depart at' to closest target slot: 01:00 PM
[1/9/2026, 18:12:58]       ✅ Found matching bus [Matched Bus Route] at Depart at [01:00 PM]
[1/9/2026, 18:13:06]   🚙 Car: 26 min (26 min) | dist: 4.2 km | traffic: Unknown
[1/9/2026, 18:13:06]   🚌 Bus: 13 min (13 min) | dist: 4.2 km
[1/9/2026, 18:13:06]   🛵 Bike: 22 min (22 min) | dist: 4.2 km
[1/9/2026, 18:13:07] [12/40] C I T Road
[1/9/2026, 18:13:14]       📅 Adjusting Google Maps 'Depart at' to closest target slot: 01:00 PM
[1/9/2026, 18:13:16]       ✅ Found matching bus [Matched Bus Route] at Depart at [01:00 PM]
[1/9/2026, 18:13:24]   🚙 Car: 11 min (11 min) | dist: 2.6 km | traffic: Good
[1/9/2026, 18:13:24]   🚌 Bus: 9 min (9 min) | dist: 2.6 km
[1/9/2026, 18:13:24]   🛵 Bike: 10 min (10 min) | dist: 2.6 km
[1/9/2026, 18:13:25] [13/40] Sarat Bose Road
[1/9/2026, 18:13:32]       📅 Adjusting Google Maps 'Depart at' to closest target slot: 01:00 PM
[1/9/2026, 18:13:35]       ✅ Found matching bus [Matched Bus Route] at Depart at [01:00 PM]
[1/9/2026, 18:13:43]   🚙 Car: 21 min (21 min) | dist: 3.8 km | traffic: Good
[1/9/2026, 18:13:43]   🚌 Bus: 13 min (13 min) | dist: 3.8 km
[1/9/2026, 18:13:43]   🛵 Bike: 19 min (19 min) | dist: 3.8 km
[1/9/2026, 18:13:44] [14/40] S P Mukherjee Road
[1/9/2026, 18:13:51]       📅 Adjusting Google Maps 'Depart at' to closest target slot: 01:00 PM
[1/9/2026, 18:13:54]       ✅ Found matching bus [Matched Bus Route] at Depart at [01:00 PM]
[1/9/2026, 18:14:02]   🚙 Car: 1 hr 15 min (75 min) | dist: 15.9 km | traffic: Unknown
[1/9/2026, 18:14:02]   🚌 Bus: 44 min (44 min) | dist: 15.9 km
[1/9/2026, 18:14:02]   🛵 Bike: 1 hr 5 min (65 min) | dist: 15.9 km
[1/9/2026, 18:14:02] [15/40] Hazra Road / S P Mukherjee Road connector
[1/9/2026, 18:14:10]       📅 Adjusting Google Maps 'Depart at' to closest target slot: 01:00 PM
[1/9/2026, 18:14:13]       ✅ Found matching bus [Matched Bus Route] at Depart at [01:00 PM]
[1/9/2026, 18:14:21]   🚙 Car: 31 min (31 min) | dist: 4.9 km | traffic: Unknown
[1/9/2026, 18:14:21]   🚌 Bus: 33 min (33 min) | dist: 4.9 km
[1/9/2026, 18:14:21]   🛵 Bike: 24 min (24 min) | dist: 4.9 km
[1/9/2026, 18:14:22] [16/40] Gariahat Road / Rashbehari Avenue
[1/9/2026, 18:14:29]       📅 Adjusting Google Maps 'Depart at' to closest target slot: 01:00 PM
[1/9/2026, 18:14:32]       ✅ Found matching bus [Matched Bus Route] at Depart at [01:00 PM]
[1/9/2026, 18:14:39]   🚙 Car: 14 min (14 min) | dist: 2.9 km | traffic: Good
[1/9/2026, 18:14:39]   🚌 Bus: 21 min (21 min) | dist: 2.9 km
[1/9/2026, 18:14:39]   🛵 Bike: 12 min (12 min) | dist: 2.9 km
[1/9/2026, 18:14:40] [17/40] Chetla Road
[1/9/2026, 18:14:48]       📅 Adjusting Google Maps 'Depart at' to closest target slot: 01:00 PM
[1/9/2026, 18:14:51]       ✅ Found matching bus [Matched Bus Route] at Depart at [01:00 PM]
[1/9/2026, 18:14:58]   🚙 Car: 13 min (13 min) | dist: 2.8 km | traffic: Good
[1/9/2026, 18:14:58]   🚌 Bus: 21 min (21 min) | dist: 2.8 km
[1/9/2026, 18:14:58]   🛵 Bike: 11 min (11 min) | dist: 2.8 km
[1/9/2026, 18:14:59] [18/40] Taratala Road
[1/9/2026, 18:15:07]       📅 Adjusting Google Maps 'Depart at' to closest target slot: 01:00 PM
[1/9/2026, 18:15:10]       ✅ Found matching bus [Matched Bus Route] at Depart at [01:00 PM]
[1/9/2026, 18:15:18]   🚙 Car: 19 min (19 min) | dist: 3.9 km | traffic: Good
[1/9/2026, 18:15:18]   🚌 Bus: 43 min (43 min) | dist: 3.9 km
[1/9/2026, 18:15:18]   🛵 Bike: 16 min (16 min) | dist: 3.9 km
[1/9/2026, 18:15:18] [19/40] Prince Anwar Shah Rd
[1/9/2026, 18:15:26]       📅 Adjusting Google Maps 'Depart at' to closest target slot: 01:00 PM
[1/9/2026, 18:15:29]       ✅ Found matching bus [Matched Bus Route] at Depart at [01:00 PM]
[1/9/2026, 18:15:37]   🚙 Car: 25 min (25 min) | dist: 6.9 km | traffic: Good
[1/9/2026, 18:15:37]   🚌 Bus: 1 hr 20 min (80 min) | dist: 6.9 km
[1/9/2026, 18:15:37]   🛵 Bike: 23 min (23 min) | dist: 6.9 km
[1/9/2026, 18:15:38] [20/40] Karunamoyee Road
[1/9/2026, 18:15:45]       📅 Adjusting Google Maps 'Depart at' to closest target slot: 01:00 PM
[1/9/2026, 18:15:55]   🚙 Car: 12 min (12 min) | dist: 3.3 km | traffic: Good
[1/9/2026, 18:15:55]   🚌 Bus: N/A (? min) | dist: 3.3 km
[1/9/2026, 18:15:55]   🛵 Bike: 12 min (12 min) | dist: 3.3 km
[1/9/2026, 18:15:55] [21/40] Canal South Road
[1/9/2026, 18:16:03]       📅 Adjusting Google Maps 'Depart at' to closest target slot: 01:00 PM
[1/9/2026, 18:16:06]       ✅ Found matching bus [] at Depart at [01:00 PM]
[1/9/2026, 18:16:14]   🚙 Car: 30 min (30 min) | dist: 5.5 km | traffic: Unknown
[1/9/2026, 18:16:14]   🚌 Bus: 39 min (39 min) | dist: 5.5 km
[1/9/2026, 18:16:14]   🛵 Bike: 23 min (23 min) | dist: 5.5 km
[1/9/2026, 18:16:15] [22/40] VIP Road connector
[1/9/2026, 18:16:22]       📅 Adjusting Google Maps 'Depart at' to closest target slot: 01:00 PM
[1/9/2026, 18:16:25]       ✅ Found matching bus [Matched Bus Route] at Depart at [01:00 PM]
[1/9/2026, 18:16:33]   🚙 Car: 21 min (21 min) | dist: 4.1 km | traffic: Good
[1/9/2026, 18:16:33]   🚌 Bus: 26 min (26 min) | dist: 4.1 km
[1/9/2026, 18:16:33]   🛵 Bike: 18 min (18 min) | dist: 4.1 km
[1/9/2026, 18:16:34] [23/40] Baishnabghata-Patuli
[1/9/2026, 18:16:41]       📅 Adjusting Google Maps 'Depart at' to closest target slot: 01:00 PM
[1/9/2026, 18:16:52]   🚙 Car: 5 min (5 min) | dist: 1.4 km | traffic: Good
[1/9/2026, 18:16:52]   🚌 Bus: N/A (? min) | dist: 1.4 km
[1/9/2026, 18:16:52]   🛵 Bike: 5 min (5 min) | dist: 1.4 km
[1/9/2026, 18:16:53] [24/40] Patuli - Highland Park
[1/9/2026, 18:17:00]       📅 Adjusting Google Maps 'Depart at' to closest target slot: 01:00 PM
[1/9/2026, 18:17:09]   🚙 Car: 2 min (2 min) | dist: 1.3 km | traffic: Good
[1/9/2026, 18:17:09]   🚌 Bus: N/A (? min) | dist: 1.3 km
[1/9/2026, 18:17:09]   🛵 Bike: 3 min (3 min) | dist: 1.3 km
[1/9/2026, 18:17:10] [25/40] Highland Park - Ajaynagar
[1/9/2026, 18:17:18]       📅 Adjusting Google Maps 'Depart at' to closest target slot: 01:00 PM
[1/9/2026, 18:17:27]   🚙 Car: 2 min (2 min) | dist: 850 m | traffic: Good
[1/9/2026, 18:17:27]   🚌 Bus: N/A (? min) | dist: 850 m
[1/9/2026, 18:17:27]   🛵 Bike: 2 min (2 min) | dist: 850 m
[1/9/2026, 18:17:28] [26/40] Ajaynagar - Kalikapur
[1/9/2026, 18:17:35]       📅 Adjusting Google Maps 'Depart at' to closest target slot: 01:00 PM
[1/9/2026, 18:17:38]       ✅ Found matching bus [Matched Bus Route] at Depart at [01:00 PM]
[1/9/2026, 18:17:46]   🚙 Car: 5 min (5 min) | dist: 1.7 km | traffic: Good
[1/9/2026, 18:17:46]   🚌 Bus: 11 min (11 min) | dist: 1.7 km
[1/9/2026, 18:17:46]   🛵 Bike: 4 min (4 min) | dist: 1.7 km
[1/9/2026, 18:17:47] [27/40] Kalikapur - Ruby
[1/9/2026, 18:17:54]       📅 Adjusting Google Maps 'Depart at' to closest target slot: 01:00 PM
[1/9/2026, 18:18:04]   🚙 Car: 5 min (5 min) | dist: 1.2 km | traffic: High
[1/9/2026, 18:18:04]   🚌 Bus: N/A (? min) | dist: 1.2 km
[1/9/2026, 18:18:04]   🛵 Bike: 4 min (4 min) | dist: 1.2 km
[1/9/2026, 18:18:05] [28/40] Ruby - Science City
[1/9/2026, 18:18:12]       📅 Adjusting Google Maps 'Depart at' to closest target slot: 01:00 PM
[1/9/2026, 18:18:15]       ✅ Found matching bus [Matched Bus Route] at Depart at [01:00 PM]
[1/9/2026, 18:18:23]   🚙 Car: 9 min (9 min) | dist: 4.0 km | traffic: Good
[1/9/2026, 18:18:23]   🚌 Bus: 26 min (26 min) | dist: 4.0 km
[1/9/2026, 18:18:23]   🛵 Bike: 8 min (8 min) | dist: 4.0 km
[1/9/2026, 18:18:23] [29/40] Science City - Chingrighata
[1/9/2026, 18:18:31]       📅 Adjusting Google Maps 'Depart at' to closest target slot: 01:00 PM
[1/9/2026, 18:18:41]   🚙 Car: 6 min (6 min) | dist: 1.9 km | traffic: Good
[1/9/2026, 18:18:41]   🚌 Bus: N/A (? min) | dist: 1.9 km
[1/9/2026, 18:18:41]   🛵 Bike: 5 min (5 min) | dist: 1.9 km
[1/9/2026, 18:18:42] [30/40] Chingrighata - Sealdah
[1/9/2026, 18:18:49]       📅 Adjusting Google Maps 'Depart at' to closest target slot: 01:00 PM
[1/9/2026, 18:18:52]       ✅ Found matching bus [Matched Bus Route] at Depart at [01:00 PM]
[1/9/2026, 18:19:00]   🚙 Car: 19 min (19 min) | dist: 4.6 km | traffic: Good
[1/9/2026, 18:19:00]   🚌 Bus: 15 min (15 min) | dist: 4.6 km
[1/9/2026, 18:19:00]   🛵 Bike: 16 min (16 min) | dist: 4.6 km
[1/9/2026, 18:19:01] [31/40] Sealdah - Park Circus
[1/9/2026, 18:19:08]       📅 Adjusting Google Maps 'Depart at' to closest target slot: 01:00 PM
[1/9/2026, 18:19:10]       ✅ Found matching bus [Matched Bus Route] at Depart at [01:00 PM]
[1/9/2026, 18:19:18]   🚙 Car: 16 min (16 min) | dist: 2.9 km | traffic: Unknown
[1/9/2026, 18:19:18]   🚌 Bus: 45 min (45 min) | dist: 2.9 km
[1/9/2026, 18:19:18]   🛵 Bike: 12 min (12 min) | dist: 2.9 km
[1/9/2026, 18:19:19] [32/40] Park Circus - Science City
[1/9/2026, 18:19:27]       📅 Adjusting Google Maps 'Depart at' to closest target slot: 01:00 PM
[1/9/2026, 18:19:29]       ✅ Found matching bus [Matched Bus Route] at Depart at [01:00 PM]
[1/9/2026, 18:19:37]   🚙 Car: 9 min (9 min) | dist: 3.8 km | traffic: Good
[1/9/2026, 18:19:37]   🚌 Bus: 19 min (19 min) | dist: 3.8 km
[1/9/2026, 18:19:37]   🛵 Bike: 9 min (9 min) | dist: 3.8 km
[1/9/2026, 18:19:38] [33/40] Park Circus - Gariahat
[1/9/2026, 18:19:46]       📅 Adjusting Google Maps 'Depart at' to closest target slot: 01:00 PM
[1/9/2026, 18:19:48]       ✅ Found matching bus [Matched Bus Route] at Depart at [01:00 PM]
[1/9/2026, 18:19:56]   🚙 Car: 13 min (13 min) | dist: 2.7 km | traffic: Good
[1/9/2026, 18:19:56]   🚌 Bus: 12 min (12 min) | dist: 2.7 km
[1/9/2026, 18:19:56]   🛵 Bike: 12 min (12 min) | dist: 2.7 km
[1/9/2026, 18:19:57] [34/40] Gariahat - Ruby
[1/9/2026, 18:20:04]       📅 Adjusting Google Maps 'Depart at' to closest target slot: 01:00 PM
[1/9/2026, 18:20:06]       ✅ Found matching bus [Matched Bus Route] at Depart at [01:00 PM]
[1/9/2026, 18:20:15]   🚙 Car: 16 min (16 min) | dist: 4.1 km | traffic: High
[1/9/2026, 18:20:15]   🚌 Bus: 14 min (14 min) | dist: 4.1 km
[1/9/2026, 18:20:15]   🛵 Bike: 14 min (14 min) | dist: 4.1 km
[1/9/2026, 18:20:15] [35/40] Gariahat - Mallick Road
[1/9/2026, 18:20:23]       📅 Adjusting Google Maps 'Depart at' to closest target slot: 01:00 PM
[1/9/2026, 18:20:26]       ✅ Found matching bus [Matched Bus Route] at Depart at [01:00 PM]
[1/9/2026, 18:20:33]   🚙 Car: 10 min (10 min) | dist: 2.0 km | traffic: High
[1/9/2026, 18:20:33]   🚌 Bus: 7 min (7 min) | dist: 2.0 km
[1/9/2026, 18:20:33]   🛵 Bike: 9 min (9 min) | dist: 2.0 km
[1/9/2026, 18:20:34] [36/40] Jadavpur Police St. - Kalikapur
[1/9/2026, 18:20:42]       📅 Adjusting Google Maps 'Depart at' to closest target slot: 01:00 PM
[1/9/2026, 18:20:45]       ✅ Found matching bus [Matched Bus Route] at Depart at [01:00 PM]
[1/9/2026, 18:20:53]   🚙 Car: 10 min (10 min) | dist: 3.5 km | traffic: Good
[1/9/2026, 18:20:53]   🚌 Bus: 42 min (42 min) | dist: 3.5 km
[1/9/2026, 18:20:53]   🛵 Bike: 9 min (9 min) | dist: 3.5 km
[1/9/2026, 18:20:54] [37/40] Mallick Road - Jadavpur Sulekha
[1/9/2026, 18:21:01]       📅 Adjusting Google Maps 'Depart at' to closest target slot: 01:00 PM
[1/9/2026, 18:21:03]       ✅ Found matching bus [Matched Bus Route] at Depart at [01:00 PM]
[1/9/2026, 18:21:11]   🚙 Car: 5 min (5 min) | dist: 1.3 km | traffic: Good
[1/9/2026, 18:21:11]   🚌 Bus: 7 min (7 min) | dist: 1.3 km
[1/9/2026, 18:21:11]   🛵 Bike: 4 min (4 min) | dist: 1.3 km
[1/9/2026, 18:21:12] [38/40] Jadavpur Sulekha - Ajay Nagar
[1/9/2026, 18:21:20]       📅 Adjusting Google Maps 'Depart at' to closest target slot: 01:00 PM
[1/9/2026, 18:21:23]       ✅ Found matching bus [Matched Bus Route] at Depart at [01:00 PM]
[1/9/2026, 18:21:31]   🚙 Car: 11 min (11 min) | dist: 3.1 km | traffic: Good
[1/9/2026, 18:21:31]   🚌 Bus: 11 min (11 min) | dist: 3.1 km
[1/9/2026, 18:21:31]   🛵 Bike: 10 min (10 min) | dist: 3.1 km
[1/9/2026, 18:21:32] [39/40] Jadavpur Sulekha - Bagha Jatin
[1/9/2026, 18:21:39]       📅 Adjusting Google Maps 'Depart at' to closest target slot: 01:00 PM
[1/9/2026, 18:21:42]       ✅ Found matching bus [Matched Bus Route] at Depart at [01:00 PM]
[1/9/2026, 18:21:50]   🚙 Car: 4 min (4 min) | dist: 900 m | traffic: Good
[1/9/2026, 18:21:50]   🚌 Bus: 3 min (3 min) | dist: 900 m
[1/9/2026, 18:21:50]   🛵 Bike: 3 min (3 min) | dist: 900 m
[1/9/2026, 18:21:51] [40/40] Bagha Jatin - Baishnabghata
[1/9/2026, 18:21:59]       📅 Adjusting Google Maps 'Depart at' to closest target slot: 01:00 PM
[1/9/2026, 18:22:01]       ✅ Found matching bus [Matched Bus Route] at Depart at [01:00 PM]
[1/9/2026, 18:22:09]   🚙 Car: 6 min (6 min) | dist: 1.4 km | traffic: Unknown
[1/9/2026, 18:22:09]   🚌 Bus: 5 min (5 min) | dist: 1.4 km
[1/9/2026, 18:22:09]   🛵 Bike: 5 min (5 min) | dist: 1.4 km
[1/9/2026, 18:22:09] 
Session complete! Saving to Excel...
[1/9/2026, 18:22:10] 📊 Excel saved (styled & formatted): /home/runner/work/kolkata-traffic-collection/kolkata-traffic-collection/output/Kolkata_Traffic_Data_2026-09-01.xlsx
[1/9/2026, 22:52:48] 
════════════════════════════════════════════════════════════
[1/9/2026, 22:52:48] STARTING FETCH SESSION: manual
[1/9/2026, 22:52:48] Time (IST): 1/9/2026, 22:52:48
[1/9/2026, 22:52:48] Routes: 40
[1/9/2026, 22:52:48] ════════════════════════════════════════════════════════════
[1/9/2026, 22:52:48] [1/40] DH Road
[1/9/2026, 22:52:56]       📅 Adjusting Google Maps 'Depart at' to closest target slot: 07:00 PM
[1/9/2026, 22:52:59]       ✅ Found matching bus [Matched Bus Route] at Depart at [07:00 PM]
[1/9/2026, 22:53:07]   🚙 Car: 49 min (49 min) | dist: 19.7 km | traffic: Good
[1/9/2026, 22:53:07]   🚌 Bus: 1 hr 9 min (69 min) | dist: 19.7 km
[1/9/2026, 22:53:07]   🛵 Bike: 47 min (47 min) | dist: 19.7 km
[1/9/2026, 22:53:07] [2/40] B T Road
[1/9/2026, 22:53:15]       📅 Adjusting Google Maps 'Depart at' to closest target slot: 07:00 PM
[1/9/2026, 22:53:18]       ✅ Found matching bus [Matched Bus Route] at Depart at [07:00 PM]
[1/9/2026, 22:53:26]   🚙 Car: 18 min (18 min) | dist: 6.0 km | traffic: Good
[1/9/2026, 22:53:26]   🚌 Bus: 21 min (21 min) | dist: 6.0 km
[1/9/2026, 22:53:26]   🛵 Bike: 17 min (17 min) | dist: 6.0 km
[1/9/2026, 22:53:27] [3/40] B T Road
[1/9/2026, 22:53:34]       📅 Adjusting Google Maps 'Depart at' to closest target slot: 07:00 PM
[1/9/2026, 22:53:37]       ✅ Found matching bus [Matched Bus Route] at Depart at [07:00 PM]
[1/9/2026, 22:53:45]   🚙 Car: 20 min (20 min) | dist: 12.3 km | traffic: Unknown
[1/9/2026, 22:53:45]   🚌 Bus: 43 min (43 min) | dist: 12.3 km
[1/9/2026, 22:53:45]   🛵 Bike: 20 min (20 min) | dist: 12.3 km
[1/9/2026, 22:53:46] [4/40] VIP Road
[1/9/2026, 22:53:54]       📅 Adjusting Google Maps 'Depart at' to closest target slot: 07:00 PM
[1/9/2026, 22:53:57]       ✅ Found matching bus [Matched Bus Route] at Depart at [07:00 PM]
[1/9/2026, 22:54:05]   🚙 Car: 28 min (28 min) | dist: 14.9 km | traffic: Unknown
[1/9/2026, 22:54:05]   🚌 Bus: 32 min (32 min) | dist: 14.9 km
[1/9/2026, 22:54:05]   🛵 Bike: 26 min (26 min) | dist: 14.9 km
[1/9/2026, 22:54:06] [5/40] Jessore Road
[1/9/2026, 22:54:13]       📅 Adjusting Google Maps 'Depart at' to closest target slot: 07:00 PM
[1/9/2026, 22:54:16]       ✅ Found matching bus [Matched Bus Route] at Depart at [07:00 PM]
[1/9/2026, 22:54:24]   🚙 Car: 26 min (26 min) | dist: 11.3 km | traffic: Unknown
[1/9/2026, 22:54:24]   🚌 Bus: 38 min (38 min) | dist: 11.3 km
[1/9/2026, 22:54:24]   🛵 Bike: 25 min (25 min) | dist: 11.3 km
[1/9/2026, 22:54:24] [6/40] Airport Road
[1/9/2026, 22:54:32]       📅 Adjusting Google Maps 'Depart at' to closest target slot: 07:00 PM
[1/9/2026, 22:54:35]       ✅ Found matching bus [Matched Bus Route] at Depart at [07:00 PM]
[1/9/2026, 22:54:44]   🚙 Car: 12 min (12 min) | dist: 4.8 km | traffic: Unknown
[1/9/2026, 22:54:44]   🚌 Bus: 17 min (17 min) | dist: 4.8 km
[1/9/2026, 22:54:44]   🛵 Bike: 11 min (11 min) | dist: 4.8 km
[1/9/2026, 22:54:44] [7/40] APC Bose Rd
[1/9/2026, 22:54:52]       📅 Adjusting Google Maps 'Depart at' to closest target slot: 07:00 PM
[1/9/2026, 22:54:55]       ✅ Found matching bus [Matched Bus Route] at Depart at [07:00 PM]
[1/9/2026, 22:55:04]   🚙 Car: 28 min (28 min) | dist: 8.2 km | traffic: Good
[1/9/2026, 22:55:04]   🚌 Bus: 28 min (28 min) | dist: 8.2 km
[1/9/2026, 22:55:04]   🛵 Bike: 25 min (25 min) | dist: 8.2 km
[1/9/2026, 22:55:05] [8/40] Bidhan Sarani
[1/9/2026, 22:55:13]       📅 Adjusting Google Maps 'Depart at' to closest target slot: 07:00 PM
[1/9/2026, 22:55:16]       ✅ Found matching bus [Matched Bus Route] at Depart at [07:00 PM]
[1/9/2026, 22:55:24]   🚙 Car: 16 min (16 min) | dist: 6.0 km | traffic: Unknown
[1/9/2026, 22:55:24]   🚌 Bus: 22 min (22 min) | dist: 6.0 km
[1/9/2026, 22:55:24]   🛵 Bike: 15 min (15 min) | dist: 6.0 km
[1/9/2026, 22:55:25] [9/40] Central Avenue (C R Avenue)
[1/9/2026, 22:55:33]       📅 Adjusting Google Maps 'Depart at' to closest target slot: 07:00 PM
[1/9/2026, 22:55:36]       ✅ Found matching bus [Matched Bus Route] at Depart at [07:00 PM]
[1/9/2026, 22:55:44]   🚙 Car: 17 min (17 min) | dist: 5.0 km | traffic: Good
[1/9/2026, 22:55:44]   🚌 Bus: 17 min (17 min) | dist: 5.0 km
[1/9/2026, 22:55:44]   🛵 Bike: 13 min (13 min) | dist: 5.0 km
[1/9/2026, 22:55:44] [10/40] S N Banerjee Road
[1/9/2026, 22:55:52]       📅 Adjusting Google Maps 'Depart at' to closest target slot: 07:00 PM
[1/9/2026, 22:55:55]       ✅ Found matching bus [Matched Bus Route] at Depart at [07:00 PM]
[1/9/2026, 22:56:03]   🚙 Car: 7 min (7 min) | dist: 2.3 km | traffic: Good
[1/9/2026, 22:56:03]   🚌 Bus: 7 min (7 min) | dist: 2.3 km
[1/9/2026, 22:56:03]   🛵 Bike: 6 min (6 min) | dist: 2.3 km
[1/9/2026, 22:56:04] [11/40] M G Road
[1/9/2026, 22:56:11]       📅 Adjusting Google Maps 'Depart at' to closest target slot: 07:00 PM
[1/9/2026, 22:56:14]       ✅ Found matching bus [Matched Bus Route] at Depart at [07:00 PM]
[1/9/2026, 22:56:22]   🚙 Car: 12 min (12 min) | dist: 4.2 km | traffic: Unknown
[1/9/2026, 22:56:22]   🚌 Bus: 13 min (13 min) | dist: 4.2 km
[1/9/2026, 22:56:22]   🛵 Bike: 11 min (11 min) | dist: 4.2 km
[1/9/2026, 22:56:23] [12/40] C I T Road
[1/9/2026, 22:56:31]       📅 Adjusting Google Maps 'Depart at' to closest target slot: 07:00 PM
[1/9/2026, 22:56:33]       ✅ Found matching bus [Matched Bus Route] at Depart at [07:00 PM]
[1/9/2026, 22:56:42]   🚙 Car: 7 min (7 min) | dist: 2.6 km | traffic: Good
[1/9/2026, 22:56:42]   🚌 Bus: 8 min (8 min) | dist: 2.6 km
[1/9/2026, 22:56:42]   🛵 Bike: 7 min (7 min) | dist: 2.6 km
[1/9/2026, 22:56:43] [13/40] Sarat Bose Road
[1/9/2026, 22:56:51]       📅 Adjusting Google Maps 'Depart at' to closest target slot: 07:00 PM
[1/9/2026, 22:56:54]       ✅ Found matching bus [Matched Bus Route] at Depart at [07:00 PM]
[1/9/2026, 22:57:02]   🚙 Car: 11 min (11 min) | dist: 3.8 km | traffic: Good
[1/9/2026, 22:57:02]   🚌 Bus: 13 min (13 min) | dist: 3.8 km
[1/9/2026, 22:57:02]   🛵 Bike: 10 min (10 min) | dist: 3.8 km
[1/9/2026, 22:57:03] [14/40] S P Mukherjee Road
[1/9/2026, 22:57:10]       📅 Adjusting Google Maps 'Depart at' to closest target slot: 07:00 PM
[1/9/2026, 22:57:13]       ✅ Found matching bus [Matched Bus Route] at Depart at [07:00 PM]
[1/9/2026, 22:57:21]   🚙 Car: 44 min (44 min) | dist: 15.6 km | traffic: Unknown
[1/9/2026, 22:57:21]   🚌 Bus: 1 hr (60 min) | dist: 15.6 km
[1/9/2026, 22:57:21]   🛵 Bike: 41 min (41 min) | dist: 15.6 km
[1/9/2026, 22:57:22] [15/40] Hazra Road / S P Mukherjee Road connector
[1/9/2026, 22:57:30]       📅 Adjusting Google Maps 'Depart at' to closest target slot: 07:00 PM
[1/9/2026, 22:57:33]       ✅ Found matching bus [Matched Bus Route] at Depart at [07:00 PM]
[1/9/2026, 22:57:41]   🚙 Car: 13 min (13 min) | dist: 4.6 km | traffic: Good
[1/9/2026, 22:57:41]   🚌 Bus: 19 min (19 min) | dist: 4.6 km
[1/9/2026, 22:57:41]   🛵 Bike: 13 min (13 min) | dist: 4.6 km
[1/9/2026, 22:57:42] [16/40] Gariahat Road / Rashbehari Avenue
[1/9/2026, 22:57:49]       📅 Adjusting Google Maps 'Depart at' to closest target slot: 07:00 PM
[1/9/2026, 22:57:52]       ✅ Found matching bus [Matched Bus Route] at Depart at [07:00 PM]
[1/9/2026, 22:58:00]   🚙 Car: 8 min (8 min) | dist: 2.9 km | traffic: Good
[1/9/2026, 22:58:00]   🚌 Bus: 10 min (10 min) | dist: 2.9 km
[1/9/2026, 22:58:00]   🛵 Bike: 7 min (7 min) | dist: 2.9 km
[1/9/2026, 22:58:01] [17/40] Chetla Road
[1/9/2026, 22:58:09]       📅 Adjusting Google Maps 'Depart at' to closest target slot: 07:00 PM
[1/9/2026, 22:58:12]       ✅ Found matching bus [Matched Bus Route] at Depart at [07:00 PM]
[1/9/2026, 22:58:20]   🚙 Car: 7 min (7 min) | dist: 2.8 km | traffic: Good
[1/9/2026, 22:58:20]   🚌 Bus: 9 min (9 min) | dist: 2.8 km
[1/9/2026, 22:58:20]   🛵 Bike: 7 min (7 min) | dist: 2.8 km
[1/9/2026, 22:58:21] [18/40] Taratala Road
[1/9/2026, 22:58:28]       📅 Adjusting Google Maps 'Depart at' to closest target slot: 07:00 PM
[1/9/2026, 22:58:31]       ✅ Found matching bus [Matched Bus Route] at Depart at [07:00 PM]
[1/9/2026, 22:58:39]   🚙 Car: 11 min (11 min) | dist: 3.9 km | traffic: Good
[1/9/2026, 22:58:39]   🚌 Bus: 13 min (13 min) | dist: 3.9 km
[1/9/2026, 22:58:39]   🛵 Bike: 11 min (11 min) | dist: 3.9 km
[1/9/2026, 22:58:40] [19/40] Prince Anwar Shah Rd
[1/9/2026, 22:58:48]       📅 Adjusting Google Maps 'Depart at' to closest target slot: 07:00 PM
[1/9/2026, 22:58:51]       ✅ Found matching bus [Matched Bus Route] at Depart at [07:00 PM]
[1/9/2026, 22:58:59]   🚙 Car: 17 min (17 min) | dist: 6.9 km | traffic: Unknown
[1/9/2026, 22:58:59]   🚌 Bus: 24 min (24 min) | dist: 6.9 km
[1/9/2026, 22:58:59]   🛵 Bike: 17 min (17 min) | dist: 6.9 km
[1/9/2026, 22:58:59] [20/40] Karunamoyee Road
[1/9/2026, 22:59:07]       📅 Adjusting Google Maps 'Depart at' to closest target slot: 07:00 PM
[1/9/2026, 22:59:10]       ✅ Found matching bus [Matched Bus Route] at Depart at [07:00 PM]
[1/9/2026, 22:59:18]   🚙 Car: 8 min (8 min) | dist: 3.3 km | traffic: Good
[1/9/2026, 22:59:18]   🚌 Bus: 10 min (10 min) | dist: 3.3 km
[1/9/2026, 22:59:18]   🛵 Bike: 8 min (8 min) | dist: 3.3 km
[1/9/2026, 22:59:19] [21/40] Canal South Road
[1/9/2026, 22:59:26]       📅 Adjusting Google Maps 'Depart at' to closest target slot: 07:00 PM
[1/9/2026, 22:59:29]       ✅ Found matching bus [Matched Bus Route] at Depart at [07:00 PM]
[1/9/2026, 22:59:37]   🚙 Car: 13 min (13 min) | dist: 5.5 km | traffic: Unknown
[1/9/2026, 22:59:37]   🚌 Bus: 15 min (15 min) | dist: 5.5 km
[1/9/2026, 22:59:37]   🛵 Bike: 12 min (12 min) | dist: 5.5 km
[1/9/2026, 22:59:38] [22/40] VIP Road connector
[1/9/2026, 22:59:46]       📅 Adjusting Google Maps 'Depart at' to closest target slot: 07:00 PM
[1/9/2026, 22:59:49]       ✅ Found matching bus [Matched Bus Route] at Depart at [07:00 PM]
[1/9/2026, 22:59:57]   🚙 Car: 11 min (11 min) | dist: 4.1 km | traffic: Good
[1/9/2026, 22:59:57]   🚌 Bus: 13 min (13 min) | dist: 4.1 km
[1/9/2026, 22:59:57]   🛵 Bike: 11 min (11 min) | dist: 4.1 km
[1/9/2026, 22:59:58] [23/40] Baishnabghata-Patuli
[1/9/2026, 23:00:06]       📅 Adjusting Google Maps 'Depart at' to closest target slot: 07:00 PM
[1/9/2026, 23:00:09]       ✅ Found matching bus [Matched Bus Route] at Depart at [07:00 PM]
[1/9/2026, 23:00:17]   🚙 Car: 4 min (4 min) | dist: 1.4 km | traffic: Good
[1/9/2026, 23:00:17]   🚌 Bus: 4 min (4 min) | dist: 1.4 km
[1/9/2026, 23:00:17]   🛵 Bike: 4 min (4 min) | dist: 1.4 km
[1/9/2026, 23:00:17] [24/40] Patuli - Highland Park
[1/9/2026, 23:00:25]       📅 Adjusting Google Maps 'Depart at' to closest target slot: 07:00 PM
[1/9/2026, 23:00:27]       ✅ Found matching bus [Matched Bus Route] at Depart at [07:00 PM]
[1/9/2026, 23:00:36]   🚙 Car: 2 min (2 min) | dist: 1.3 km | traffic: Good
[1/9/2026, 23:00:36]   🚌 Bus: 4 min (4 min) | dist: 1.3 km
[1/9/2026, 23:00:36]   🛵 Bike: 2 min (2 min) | dist: 1.3 km
[1/9/2026, 23:00:36] [25/40] Highland Park - Ajaynagar
[1/9/2026, 23:00:44]       📅 Adjusting Google Maps 'Depart at' to closest target slot: 07:00 PM
[1/9/2026, 23:00:46]       ✅ Found matching bus [Matched Bus Route] at Depart at [07:00 PM]
[1/9/2026, 23:00:54]   🚙 Car: 2 min (2 min) | dist: 850 m | traffic: Good
[1/9/2026, 23:00:54]   🚌 Bus: 3 min (3 min) | dist: 850 m
[1/9/2026, 23:00:54]   🛵 Bike: 2 min (2 min) | dist: 850 m
[1/9/2026, 23:00:55] [26/40] Ajaynagar - Kalikapur
[1/9/2026, 23:01:03]       📅 Adjusting Google Maps 'Depart at' to closest target slot: 07:00 PM
[1/9/2026, 23:01:06]       ✅ Found matching bus [Matched Bus Route] at Depart at [07:00 PM]
[1/9/2026, 23:01:14]   🚙 Car: 4 min (4 min) | dist: 1.7 km | traffic: Good
[1/9/2026, 23:01:14]   🚌 Bus: 6 min (6 min) | dist: 1.7 km
[1/9/2026, 23:01:14]   🛵 Bike: 4 min (4 min) | dist: 1.7 km
[1/9/2026, 23:01:14] [27/40] Kalikapur - Ruby
[1/9/2026, 23:01:22]       📅 Adjusting Google Maps 'Depart at' to closest target slot: 07:00 PM
[1/9/2026, 23:01:25]       ✅ Found matching bus [Matched Bus Route] at Depart at [07:00 PM]
[1/9/2026, 23:01:33]   🚙 Car: 2 min (2 min) | dist: 1.2 km | traffic: Good
[1/9/2026, 23:01:33]   🚌 Bus: 4 min (4 min) | dist: 1.2 km
[1/9/2026, 23:01:33]   🛵 Bike: 2 min (2 min) | dist: 1.2 km
[1/9/2026, 23:01:34] [28/40] Ruby - Science City
[1/9/2026, 23:01:41]       📅 Adjusting Google Maps 'Depart at' to closest target slot: 07:00 PM
[1/9/2026, 23:01:44]       ✅ Found matching bus [Matched Bus Route] at Depart at [07:00 PM]
[1/9/2026, 23:01:52]   🚙 Car: 7 min (7 min) | dist: 4.0 km | traffic: Good
[1/9/2026, 23:01:52]   🚌 Bus: 14 min (14 min) | dist: 4.0 km
[1/9/2026, 23:01:52]   🛵 Bike: 7 min (7 min) | dist: 4.0 km
[1/9/2026, 23:01:53] [29/40] Science City - Chingrighata
[1/9/2026, 23:02:00]       📅 Adjusting Google Maps 'Depart at' to closest target slot: 07:00 PM
[1/9/2026, 23:02:03]       ✅ Found matching bus [Matched Bus Route] at Depart at [07:00 PM]
[1/9/2026, 23:02:11]   🚙 Car: 3 min (3 min) | dist: 1.9 km | traffic: Good
[1/9/2026, 23:02:11]   🚌 Bus: 5 min (5 min) | dist: 1.9 km
[1/9/2026, 23:02:11]   🛵 Bike: 3 min (3 min) | dist: 1.9 km
[1/9/2026, 23:02:12] [30/40] Chingrighata - Sealdah
[1/9/2026, 23:02:20]       📅 Adjusting Google Maps 'Depart at' to closest target slot: 07:00 PM
[1/9/2026, 23:02:22]       ✅ Found matching bus [Matched Bus Route] at Depart at [07:00 PM]
[1/9/2026, 23:02:30]   🚙 Car: 10 min (10 min) | dist: 4.6 km | traffic: Good
[1/9/2026, 23:02:30]   🚌 Bus: 15 min (15 min) | dist: 4.6 km
[1/9/2026, 23:02:30]   🛵 Bike: 10 min (10 min) | dist: 4.6 km
[1/9/2026, 23:02:31] [31/40] Sealdah - Park Circus
[1/9/2026, 23:02:39]       📅 Adjusting Google Maps 'Depart at' to closest target slot: 07:00 PM
[1/9/2026, 23:02:42]       ✅ Found matching bus [Matched Bus Route] at Depart at [07:00 PM]
[1/9/2026, 23:02:50]   🚙 Car: 8 min (8 min) | dist: 2.9 km | traffic: Good
[1/9/2026, 23:02:50]   🚌 Bus: 18 min (18 min) | dist: 2.9 km
[1/9/2026, 23:02:50]   🛵 Bike: 7 min (7 min) | dist: 2.9 km
[1/9/2026, 23:02:51] [32/40] Park Circus - Science City
[1/9/2026, 23:02:58]       📅 Adjusting Google Maps 'Depart at' to closest target slot: 07:00 PM
[1/9/2026, 23:03:00]       ✅ Found matching bus [Matched Bus Route] at Depart at [07:00 PM]
[1/9/2026, 23:03:08]   🚙 Car: 5 min (5 min) | dist: 3.8 km | traffic: Good
[1/9/2026, 23:03:08]   🚌 Bus: 19 min (19 min) | dist: 3.8 km
[1/9/2026, 23:03:08]   🛵 Bike: 6 min (6 min) | dist: 3.8 km
[1/9/2026, 23:03:09] [33/40] Park Circus - Gariahat
[1/9/2026, 23:03:17]       📅 Adjusting Google Maps 'Depart at' to closest target slot: 07:00 PM
[1/9/2026, 23:03:19]       ✅ Found matching bus [] at Depart at [07:00 PM]
[1/9/2026, 23:03:27]   🚙 Car: 7 min (7 min) | dist: 2.7 km | traffic: Good
[1/9/2026, 23:03:27]   🚌 Bus: 9 min (9 min) | dist: 2.7 km
[1/9/2026, 23:03:27]   🛵 Bike: 7 min (7 min) | dist: 2.7 km
[1/9/2026, 23:03:28] [34/40] Gariahat - Ruby
[1/9/2026, 23:03:36]       📅 Adjusting Google Maps 'Depart at' to closest target slot: 07:00 PM
[1/9/2026, 23:03:38]       ✅ Found matching bus [Matched Bus Route] at Depart at [07:00 PM]
[1/9/2026, 23:03:46]   🚙 Car: 10 min (10 min) | dist: 4.1 km | traffic: Good
[1/9/2026, 23:03:46]   🚌 Bus: 14 min (14 min) | dist: 4.1 km
[1/9/2026, 23:03:46]   🛵 Bike: 9 min (9 min) | dist: 4.1 km
[1/9/2026, 23:03:47] [35/40] Gariahat - Mallick Road
[1/9/2026, 23:03:55]       📅 Adjusting Google Maps 'Depart at' to closest target slot: 07:00 PM
[1/9/2026, 23:03:58]       ✅ Found matching bus [Matched Bus Route] at Depart at [07:00 PM]
[1/9/2026, 23:04:06]   🚙 Car: 5 min (5 min) | dist: 2.0 km | traffic: Good
[1/9/2026, 23:04:06]   🚌 Bus: 7 min (7 min) | dist: 2.0 km
[1/9/2026, 23:04:06]   🛵 Bike: 5 min (5 min) | dist: 2.0 km
[1/9/2026, 23:04:07] [36/40] Jadavpur Police St. - Kalikapur
[1/9/2026, 23:04:14]       📅 Adjusting Google Maps 'Depart at' to closest target slot: 07:00 PM
[1/9/2026, 23:04:17]       ✅ Found matching bus [Matched Bus Route] at Depart at [07:00 PM]
[1/9/2026, 23:04:25]   🚙 Car: 8 min (8 min) | dist: 3.5 km | traffic: Good
[1/9/2026, 23:04:25]   🚌 Bus: 11 min (11 min) | dist: 3.5 km
[1/9/2026, 23:04:25]   🛵 Bike: 7 min (7 min) | dist: 3.5 km
[1/9/2026, 23:04:26] [37/40] Mallick Road - Jadavpur Sulekha
[1/9/2026, 23:04:33]       📅 Adjusting Google Maps 'Depart at' to closest target slot: 07:00 PM
[1/9/2026, 23:04:36]       ✅ Found matching bus [Matched Bus Route] at Depart at [07:00 PM]
[1/9/2026, 23:04:44]   🚙 Car: 3 min (3 min) | dist: 1.3 km | traffic: Good
[1/9/2026, 23:04:44]   🚌 Bus: 5 min (5 min) | dist: 1.3 km
[1/9/2026, 23:04:44]   🛵 Bike: 3 min (3 min) | dist: 1.3 km
[1/9/2026, 23:04:45] [38/40] Jadavpur Sulekha - Ajay Nagar
[1/9/2026, 23:04:52]       📅 Adjusting Google Maps 'Depart at' to closest target slot: 07:00 PM
[1/9/2026, 23:04:55]       ✅ Found matching bus [Matched Bus Route] at Depart at [07:00 PM]
[1/9/2026, 23:05:03]   🚙 Car: 7 min (7 min) | dist: 3.1 km | traffic: Good
[1/9/2026, 23:05:03]   🚌 Bus: 10 min (10 min) | dist: 3.1 km
[1/9/2026, 23:05:03]   🛵 Bike: 7 min (7 min) | dist: 3.1 km
[1/9/2026, 23:05:04] [39/40] Jadavpur Sulekha - Bagha Jatin
[1/9/2026, 23:05:12]       📅 Adjusting Google Maps 'Depart at' to closest target slot: 07:00 PM
[1/9/2026, 23:05:15]       ✅ Found matching bus [Matched Bus Route] at Depart at [07:00 PM]
[1/9/2026, 23:05:23]   🚙 Car: 2 min (2 min) | dist: 900 m | traffic: Good
[1/9/2026, 23:05:23]   🚌 Bus: 3 min (3 min) | dist: 900 m
[1/9/2026, 23:05:23]   🛵 Bike: 2 min (2 min) | dist: 900 m
[1/9/2026, 23:05:23] [40/40] Bagha Jatin - Baishnabghata
[1/9/2026, 23:05:31]       📅 Adjusting Google Maps 'Depart at' to closest target slot: 07:00 PM
[1/9/2026, 23:05:33]       ✅ Found matching bus [Matched Bus Route] at Depart at [07:00 PM]
[1/9/2026, 23:05:42]   🚙 Car: 4 min (4 min) | dist: 1.4 km | traffic: Good
[1/9/2026, 23:05:42]   🚌 Bus: 5 min (5 min) | dist: 1.4 km
[1/9/2026, 23:05:42]   🛵 Bike: 4 min (4 min) | dist: 1.4 km
[1/9/2026, 23:05:42] 
Session complete! Saving to Excel...
[1/9/2026, 23:05:43] 📊 Excel saved (styled & formatted): /home/runner/work/kolkata-traffic-collection/kolkata-traffic-collection/output/Kolkata_Traffic_Data_2026-09-01.xlsx
[2/9/2026, 02:40:12] 
════════════════════════════════════════════════════════════
[2/9/2026, 02:40:12] STARTING FETCH SESSION: manual
[2/9/2026, 02:40:12] Time (IST): 2/9/2026, 02:40:12
[2/9/2026, 02:40:12] Routes: 40
[2/9/2026, 02:40:12] ════════════════════════════════════════════════════════════
[2/9/2026, 02:40:12] [1/40] DH Road
[2/9/2026, 02:40:20]       📅 Adjusting Google Maps 'Depart at' to closest target slot: 12:00 AM
[2/9/2026, 02:40:22]       ✅ Found matching bus [Matched Bus Route] at Depart at [12:00 AM]
[2/9/2026, 02:40:30]   🚙 Car: 1 hr
20 (60 min) | dist: 20.6 km | traffic: Unknown
[2/9/2026, 02:40:30]   🚌 Bus: 1 hr 9 min (69 min) | dist: 20.6 km
[2/9/2026, 02:40:30]   🛵 Bike: 47 min (47 min) | dist: 20.6 km
[2/9/2026, 02:40:31] [2/40] B T Road
[2/9/2026, 02:40:38]       📅 Adjusting Google Maps 'Depart at' to closest target slot: 12:00 AM
[2/9/2026, 02:40:40]       ✅ Found matching bus [Matched Bus Route] at Depart at [12:00 AM]
[2/9/2026, 02:40:48]   🚙 Car: 11 min (11 min) | dist: 6.0 km | traffic: Good
[2/9/2026, 02:40:48]   🚌 Bus: 21 min (21 min) | dist: 6.0 km
[2/9/2026, 02:40:48]   🛵 Bike: 10 min (10 min) | dist: 6.0 km
[2/9/2026, 02:40:49] [3/40] B T Road
[2/9/2026, 02:40:57]       📅 Adjusting Google Maps 'Depart at' to closest target slot: 12:00 AM
[2/9/2026, 02:40:59]       ✅ Found matching bus [Matched Bus Route] at Depart at [12:00 AM]
[2/9/2026, 02:41:07]   🚙 Car: 18 min (18 min) | dist: 12.3 km | traffic: Good
[2/9/2026, 02:41:07]   🚌 Bus: 43 min (43 min) | dist: 12.3 km
[2/9/2026, 02:41:07]   🛵 Bike: 21 min (21 min) | dist: 12.3 km
[2/9/2026, 02:41:08] [4/40] VIP Road
[2/9/2026, 02:41:15]       📅 Adjusting Google Maps 'Depart at' to closest target slot: 12:00 AM
[2/9/2026, 02:41:18]       ✅ Found matching bus [Matched Bus Route] at Depart at [12:00 AM]
[2/9/2026, 02:41:26]   🚙 Car: 23 min (23 min) | dist: 14.9 km | traffic: Unknown
[2/9/2026, 02:41:26]   🚌 Bus: 40 min (40 min) | dist: 14.9 km
[2/9/2026, 02:41:26]   🛵 Bike: 23 min (23 min) | dist: 14.9 km
[2/9/2026, 02:41:27] [5/40] Jessore Road
[2/9/2026, 02:41:34]       📅 Adjusting Google Maps 'Depart at' to closest target slot: 12:00 AM
[2/9/2026, 02:41:36]       ✅ Found matching bus [Matched Bus Route] at Depart at [12:00 AM]
[2/9/2026, 02:41:45]   🚙 Car: 21 min (21 min) | dist: 11.3 km | traffic: Unknown
[2/9/2026, 02:41:45]   🚌 Bus: 39 min (39 min) | dist: 11.3 km
[2/9/2026, 02:41:45]   🛵 Bike: 20 min (20 min) | dist: 11.3 km
[2/9/2026, 02:41:45] [6/40] Airport Road
[2/9/2026, 02:41:53]       📅 Adjusting Google Maps 'Depart at' to closest target slot: 12:00 AM
[2/9/2026, 02:41:56]       ✅ Found matching bus [] at Depart at [12:00 AM]
[2/9/2026, 02:42:05]   🚙 Car: 8 min (8 min) | dist: 4.8 km | traffic: Good
[2/9/2026, 02:42:05]   🚌 Bus: 1 hr 47 min (107 min) | dist: 4.8 km
[2/9/2026, 02:42:05]   🛵 Bike: 8 min (8 min) | dist: 4.8 km
[2/9/2026, 02:42:05] [7/40] APC Bose Rd
[2/9/2026, 02:42:14]       📅 Adjusting Google Maps 'Depart at' to closest target slot: 12:00 AM
[2/9/2026, 02:42:17]       ✅ Found matching bus [Matched Bus Route] at Depart at [12:00 AM]
[2/9/2026, 02:42:25]   🚙 Car: 22 min (22 min) | dist: 8.2 km | traffic: Good
[2/9/2026, 02:42:25]   🚌 Bus: 29 min (29 min) | dist: 8.2 km
[2/9/2026, 02:42:25]   🛵 Bike: 20 min (20 min) | dist: 8.2 km
[2/9/2026, 02:42:26] [8/40] Bidhan Sarani
[2/9/2026, 02:42:33]       📅 Adjusting Google Maps 'Depart at' to closest target slot: 12:00 AM
[2/9/2026, 02:42:36]       ✅ Found matching bus [Matched Bus Route] at Depart at [12:00 AM]
[2/9/2026, 02:42:43]   🚙 Car: 14 min (14 min) | dist: 6.0 km | traffic: Good
[2/9/2026, 02:42:43]   🚌 Bus: 22 min (22 min) | dist: 6.0 km
[2/9/2026, 02:42:43]   🛵 Bike: 13 min (13 min) | dist: 6.0 km
[2/9/2026, 02:42:44] [9/40] Central Avenue (C R Avenue)
[2/9/2026, 02:42:52]       📅 Adjusting Google Maps 'Depart at' to closest target slot: 12:00 AM
[2/9/2026, 02:42:54]       ✅ Found matching bus [Matched Bus Route] at Depart at [12:00 AM]
[2/9/2026, 02:43:02]   🚙 Car: 13 min (13 min) | dist: 5.0 km | traffic: Good
[2/9/2026, 02:43:02]   🚌 Bus: 24 min (24 min) | dist: 5.0 km
[2/9/2026, 02:43:02]   🛵 Bike: 12 min (12 min) | dist: 5.0 km
[2/9/2026, 02:43:03] [10/40] S N Banerjee Road
[2/9/2026, 02:43:10]       📅 Adjusting Google Maps 'Depart at' to closest target slot: 12:00 AM
[2/9/2026, 02:43:13]       ✅ Found matching bus [Matched Bus Route] at Depart at [12:00 AM]
[2/9/2026, 02:43:21]   🚙 Car: 5 min (5 min) | dist: 2.3 km | traffic: Good
[2/9/2026, 02:43:21]   🚌 Bus: 7 min (7 min) | dist: 2.3 km
[2/9/2026, 02:43:21]   🛵 Bike: 6 min (6 min) | dist: 2.3 km
[2/9/2026, 02:43:22] [11/40] M G Road
[2/9/2026, 02:43:29]       📅 Adjusting Google Maps 'Depart at' to closest target slot: 12:00 AM
[2/9/2026, 02:43:32]       ✅ Found matching bus [Matched Bus Route] at Depart at [12:00 AM]
[2/9/2026, 02:43:40]   🚙 Car: 9 min (9 min) | dist: 4.2 km | traffic: Good
[2/9/2026, 02:43:40]   🚌 Bus: 13 min (13 min) | dist: 4.2 km
[2/9/2026, 02:43:40]   🛵 Bike: 10 min (10 min) | dist: 4.2 km
[2/9/2026, 02:43:41] [12/40] C I T Road
[2/9/2026, 02:43:48]       📅 Adjusting Google Maps 'Depart at' to closest target slot: 12:00 AM
[2/9/2026, 02:43:51]       ✅ Found matching bus [Matched Bus Route] at Depart at [12:00 AM]
[2/9/2026, 02:43:59]   🚙 Car: 6 min (6 min) | dist: 2.6 km | traffic: Good
[2/9/2026, 02:43:59]   🚌 Bus: 9 min (9 min) | dist: 2.6 km
[2/9/2026, 02:43:59]   🛵 Bike: 6 min (6 min) | dist: 2.6 km
[2/9/2026, 02:43:59] [13/40] Sarat Bose Road
[2/9/2026, 02:44:07]       📅 Adjusting Google Maps 'Depart at' to closest target slot: 12:00 AM
[2/9/2026, 02:44:10]       ✅ Found matching bus [Matched Bus Route] at Depart at [12:00 AM]
[2/9/2026, 02:44:18]   🚙 Car: 9 min (9 min) | dist: 3.8 km | traffic: Good
[2/9/2026, 02:44:18]   🚌 Bus: 13 min (13 min) | dist: 3.8 km
[2/9/2026, 02:44:18]   🛵 Bike: 9 min (9 min) | dist: 3.8 km
[2/9/2026, 02:44:19] [14/40] S P Mukherjee Road
[2/9/2026, 02:44:26]       📅 Adjusting Google Maps 'Depart at' to closest target slot: 12:00 AM
[2/9/2026, 02:44:28]       ✅ Found matching bus [Matched Bus Route] at Depart at [12:00 AM]
[2/9/2026, 02:44:36]   🚙 Car: 34 min (34 min) | dist: 15.6 km | traffic: Unknown
[2/9/2026, 02:44:36]   🚌 Bus: 1 hr 5 min (65 min) | dist: 15.6 km
[2/9/2026, 02:44:36]   🛵 Bike: 33 min (33 min) | dist: 15.6 km
[2/9/2026, 02:44:37] [15/40] Hazra Road / S P Mukherjee Road connector
[2/9/2026, 02:44:44]       📅 Adjusting Google Maps 'Depart at' to closest target slot: 12:00 AM
[2/9/2026, 02:44:47]       ✅ Found matching bus [] at Depart at [12:00 AM]
[2/9/2026, 02:44:55]   🚙 Car: 14 min (14 min) | dist: 4.6 km | traffic: Good
[2/9/2026, 02:44:55]   🚌 Bus: 28 min (28 min) | dist: 4.6 km
[2/9/2026, 02:44:55]   🛵 Bike: 13 min (13 min) | dist: 4.6 km
[2/9/2026, 02:44:56] [16/40] Gariahat Road / Rashbehari Avenue
[2/9/2026, 02:45:03]       📅 Adjusting Google Maps 'Depart at' to closest target slot: 12:00 AM
[2/9/2026, 02:45:06]       ✅ Found matching bus [Matched Bus Route] at Depart at [12:00 AM]
[2/9/2026, 02:45:14]   🚙 Car: 6 min (6 min) | dist: 2.9 km | traffic: Good
[2/9/2026, 02:45:14]   🚌 Bus: 21 min (21 min) | dist: 2.9 km
[2/9/2026, 02:45:14]   🛵 Bike: 6 min (6 min) | dist: 2.9 km
[2/9/2026, 02:45:15] [17/40] Chetla Road
[2/9/2026, 02:45:22]       📅 Adjusting Google Maps 'Depart at' to closest target slot: 12:00 AM
[2/9/2026, 02:45:25]       ✅ Found matching bus [Matched Bus Route] at Depart at [12:00 AM]
[2/9/2026, 02:45:33]   🚙 Car: 8 min (8 min) | dist: 2.8 km | traffic: Good
[2/9/2026, 02:45:33]   🚌 Bus: 21 min (21 min) | dist: 2.8 km
[2/9/2026, 02:45:33]   🛵 Bike: 8 min (8 min) | dist: 2.8 km
[2/9/2026, 02:45:34] [18/40] Taratala Road
[2/9/2026, 02:45:41]       📅 Adjusting Google Maps 'Depart at' to closest target slot: 12:00 AM
[2/9/2026, 02:45:44]       ✅ Found matching bus [Matched Bus Route] at Depart at [12:00 AM]
[2/9/2026, 02:45:52]   🚙 Car: 10 min (10 min) | dist: 3.9 km | traffic: Good
[2/9/2026, 02:45:52]   🚌 Bus: 36 min (36 min) | dist: 3.9 km
[2/9/2026, 02:45:52]   🛵 Bike: 10 min (10 min) | dist: 3.9 km
[2/9/2026, 02:45:53] [19/40] Prince Anwar Shah Rd
[2/9/2026, 02:46:01]       📅 Adjusting Google Maps 'Depart at' to closest target slot: 12:00 AM
[2/9/2026, 02:46:03]       ✅ Found matching bus [Matched Bus Route] at Depart at [12:00 AM]
[2/9/2026, 02:46:11]   🚙 Car: 14 min (14 min) | dist: 6.9 km | traffic: Good
[2/9/2026, 02:46:11]   🚌 Bus: 1 hr 20 min (80 min) | dist: 6.9 km
[2/9/2026, 02:46:11]   🛵 Bike: 15 min (15 min) | dist: 6.9 km
[2/9/2026, 02:46:12] [20/40] Karunamoyee Road
[2/9/2026, 02:46:19]       📅 Adjusting Google Maps 'Depart at' to closest target slot: 12:00 AM
[2/9/2026, 02:46:29]   🚙 Car: 7 min (7 min) | dist: 3.3 km | traffic: Good
[2/9/2026, 02:46:29]   🚌 Bus: N/A (? min) | dist: 3.3 km
[2/9/2026, 02:46:29]   🛵 Bike: 7 min (7 min) | dist: 3.3 km
[2/9/2026, 02:46:30] [21/40] Canal South Road
[2/9/2026, 02:46:37]       📅 Adjusting Google Maps 'Depart at' to closest target slot: 12:00 AM
[2/9/2026, 02:46:40]       ✅ Found matching bus [] at Depart at [12:00 AM]
[2/9/2026, 02:46:48]   🚙 Car: 10 min (10 min) | dist: 5.5 km | traffic: Good
[2/9/2026, 02:46:48]   🚌 Bus: 36 min (36 min) | dist: 5.5 km
[2/9/2026, 02:46:48]   🛵 Bike: 10 min (10 min) | dist: 5.5 km
[2/9/2026, 02:46:48] [22/40] VIP Road connector
[2/9/2026, 02:46:56]       📅 Adjusting Google Maps 'Depart at' to closest target slot: 12:00 AM
[2/9/2026, 02:46:59]       ✅ Found matching bus [Matched Bus Route] at Depart at [12:00 AM]
[2/9/2026, 02:47:07]   🚙 Car: 9 min (9 min) | dist: 4.1 km | traffic: Good
[2/9/2026, 02:47:07]   🚌 Bus: 20 min (20 min) | dist: 4.1 km
[2/9/2026, 02:47:07]   🛵 Bike: 9 min (9 min) | dist: 4.1 km
[2/9/2026, 02:47:08] [23/40] Baishnabghata-Patuli
[2/9/2026, 02:47:15]       📅 Adjusting Google Maps 'Depart at' to closest target slot: 12:00 AM
[2/9/2026, 02:47:18]       ✅ Found matching bus [Matched Bus Route] at Depart at [12:00 AM]
[2/9/2026, 02:47:26]   🚙 Car: 4 min (4 min) | dist: 1.4 km | traffic: Good
[2/9/2026, 02:47:26]   🚌 Bus: 8 min (8 min) | dist: 1.4 km
[2/9/2026, 02:47:26]   🛵 Bike: 4 min (4 min) | dist: 1.4 km
[2/9/2026, 02:47:27] [24/40] Patuli - Highland Park
[2/9/2026, 02:47:34]       📅 Adjusting Google Maps 'Depart at' to closest target slot: 12:00 AM
[2/9/2026, 02:47:44]   🚙 Car: 2 min (2 min) | dist: 1.3 km | traffic: Good
[2/9/2026, 02:47:44]   🚌 Bus: N/A (? min) | dist: 1.3 km
[2/9/2026, 02:47:44]   🛵 Bike: 2 min (2 min) | dist: 1.3 km
[2/9/2026, 02:47:45] [25/40] Highland Park - Ajaynagar
[2/9/2026, 02:47:52]       📅 Adjusting Google Maps 'Depart at' to closest target slot: 12:00 AM
[2/9/2026, 02:48:02]   🚙 Car: 1 min (1 min) | dist: 850 m | traffic: Good
[2/9/2026, 02:48:02]   🚌 Bus: N/A (? min) | dist: 850 m
[2/9/2026, 02:48:02]   🛵 Bike: 2 min (2 min) | dist: 850 m
[2/9/2026, 02:48:02] [26/40] Ajaynagar - Kalikapur
[2/9/2026, 02:48:10]       📅 Adjusting Google Maps 'Depart at' to closest target slot: 12:00 AM
[2/9/2026, 02:48:20]   🚙 Car: 3 min (3 min) | dist: 1.7 km | traffic: Good
[2/9/2026, 02:48:20]   🚌 Bus: N/A (? min) | dist: 1.7 km
[2/9/2026, 02:48:20]   🛵 Bike: 3 min (3 min) | dist: 1.7 km
[2/9/2026, 02:48:21] [27/40] Kalikapur - Ruby
[2/9/2026, 02:48:28]       📅 Adjusting Google Maps 'Depart at' to closest target slot: 12:00 AM
[2/9/2026, 02:48:30]       ✅ Found matching bus [Matched Bus Route] at Depart at [12:00 AM]
[2/9/2026, 02:48:39]   🚙 Car: 2 min (2 min) | dist: 1.2 km | traffic: Good
[2/9/2026, 02:48:39]   🚌 Bus: 4 min (4 min) | dist: 1.2 km
[2/9/2026, 02:48:39]   🛵 Bike: 3 min (3 min) | dist: 1.2 km
[2/9/2026, 02:48:39] [28/40] Ruby - Science City
[2/9/2026, 02:48:47]       📅 Adjusting Google Maps 'Depart at' to closest target slot: 12:00 AM
[2/9/2026, 02:48:57]   🚙 Car: 6 min (6 min) | dist: 4.0 km | traffic: Good
[2/9/2026, 02:48:57]   🚌 Bus: N/A (? min) | dist: 4.0 km
[2/9/2026, 02:48:57]   🛵 Bike: 7 min (7 min) | dist: 4.0 km
[2/9/2026, 02:48:57] [29/40] Science City - Chingrighata
[2/9/2026, 02:49:05]       📅 Adjusting Google Maps 'Depart at' to closest target slot: 12:00 AM
[2/9/2026, 02:49:15]   🚙 Car: 3 min (3 min) | dist: 1.9 km | traffic: Good
[2/9/2026, 02:49:15]   🚌 Bus: N/A (? min) | dist: 1.9 km
[2/9/2026, 02:49:15]   🛵 Bike: 3 min (3 min) | dist: 1.9 km
[2/9/2026, 02:49:16] [30/40] Chingrighata - Sealdah
[2/9/2026, 02:49:24]       📅 Adjusting Google Maps 'Depart at' to closest target slot: 12:00 AM
[2/9/2026, 02:49:26]       ✅ Found matching bus [Matched Bus Route] at Depart at [12:00 AM]
[2/9/2026, 02:49:34]   🚙 Car: 8 min (8 min) | dist: 4.6 km | traffic: Good
[2/9/2026, 02:49:34]   🚌 Bus: 15 min (15 min) | dist: 4.6 km
[2/9/2026, 02:49:34]   🛵 Bike: 8 min (8 min) | dist: 4.6 km
[2/9/2026, 02:49:35] [31/40] Sealdah - Park Circus
[2/9/2026, 02:49:43]       📅 Adjusting Google Maps 'Depart at' to closest target slot: 12:00 AM
[2/9/2026, 02:49:45]       ✅ Found matching bus [Matched Bus Route] at Depart at [12:00 AM]
[2/9/2026, 02:49:54]   🚙 Car: 6 min (6 min) | dist: 2.9 km | traffic: Good
[2/9/2026, 02:49:54]   🚌 Bus: 45 min (45 min) | dist: 2.9 km
[2/9/2026, 02:49:54]   🛵 Bike: 6 min (6 min) | dist: 2.9 km
[2/9/2026, 02:49:54] [32/40] Park Circus - Science City
[2/9/2026, 02:50:02]       📅 Adjusting Google Maps 'Depart at' to closest target slot: 12:00 AM
[2/9/2026, 02:50:04]       ✅ Found matching bus [Matched Bus Route] at Depart at [12:00 AM]
[2/9/2026, 02:50:13]   🚙 Car: 5 min (5 min) | dist: 3.8 km | traffic: Good
[2/9/2026, 02:50:13]   🚌 Bus: 19 min (19 min) | dist: 3.8 km
[2/9/2026, 02:50:13]   🛵 Bike: 6 min (6 min) | dist: 3.8 km
[2/9/2026, 02:50:13] [33/40] Park Circus - Gariahat
[2/9/2026, 02:50:21]       📅 Adjusting Google Maps 'Depart at' to closest target slot: 12:00 AM
[2/9/2026, 02:50:23]       ✅ Found matching bus [Matched Bus Route] at Depart at [12:00 AM]
[2/9/2026, 02:50:31]   🚙 Car: 5 min (5 min) | dist: 2.7 km | traffic: Good
[2/9/2026, 02:50:31]   🚌 Bus: 12 min (12 min) | dist: 2.7 km
[2/9/2026, 02:50:31]   🛵 Bike: 6 min (6 min) | dist: 2.7 km
[2/9/2026, 02:50:32] [34/40] Gariahat - Ruby
[2/9/2026, 02:50:40]       📅 Adjusting Google Maps 'Depart at' to closest target slot: 12:00 AM
[2/9/2026, 02:50:42]       ✅ Found matching bus [Matched Bus Route] at Depart at [12:00 AM]
[2/9/2026, 02:50:51]   🚙 Car: 8 min (8 min) | dist: 4.1 km | traffic: Good
[2/9/2026, 02:50:51]   🚌 Bus: 14 min (14 min) | dist: 4.1 km
[2/9/2026, 02:50:51]   🛵 Bike: 7 min (7 min) | dist: 4.1 km
[2/9/2026, 02:50:52] [35/40] Gariahat - Mallick Road
[2/9/2026, 02:50:59]       📅 Adjusting Google Maps 'Depart at' to closest target slot: 12:00 AM
[2/9/2026, 02:51:02]       ✅ Found matching bus [Matched Bus Route] at Depart at [12:00 AM]
[2/9/2026, 02:51:10]   🚙 Car: 4 min (4 min) | dist: 2.0 km | traffic: Good
[2/9/2026, 02:51:10]   🚌 Bus: 7 min (7 min) | dist: 2.0 km
[2/9/2026, 02:51:10]   🛵 Bike: 5 min (5 min) | dist: 2.0 km
[2/9/2026, 02:51:11] [36/40] Jadavpur Police St. - Kalikapur
[2/9/2026, 02:51:19]       📅 Adjusting Google Maps 'Depart at' to closest target slot: 12:00 AM
[2/9/2026, 02:51:21]       ✅ Found matching bus [Matched Bus Route] at Depart at [12:00 AM]
[2/9/2026, 02:51:29]   🚙 Car: 6 min (6 min) | dist: 3.5 km | traffic: Good
[2/9/2026, 02:51:29]   🚌 Bus: 42 min (42 min) | dist: 3.5 km
[2/9/2026, 02:51:29]   🛵 Bike: 6 min (6 min) | dist: 3.5 km
[2/9/2026, 02:51:30] [37/40] Mallick Road - Jadavpur Sulekha
[2/9/2026, 02:51:38]       📅 Adjusting Google Maps 'Depart at' to closest target slot: 12:00 AM
[2/9/2026, 02:51:40]       ✅ Found matching bus [Matched Bus Route] at Depart at [12:00 AM]
[2/9/2026, 02:51:48]   🚙 Car: 2 min (2 min) | dist: 1.3 km | traffic: Good
[2/9/2026, 02:51:48]   🚌 Bus: 4 min (4 min) | dist: 1.3 km
[2/9/2026, 02:51:48]   🛵 Bike: 2 min (2 min) | dist: 1.3 km
[2/9/2026, 02:51:49] [38/40] Jadavpur Sulekha - Ajay Nagar
[2/9/2026, 02:51:57]       📅 Adjusting Google Maps 'Depart at' to closest target slot: 12:00 AM
[2/9/2026, 02:51:59]       ✅ Found matching bus [Matched Bus Route] at Depart at [12:00 AM]
[2/9/2026, 02:52:07]   🚙 Car: 6 min (6 min) | dist: 3.1 km | traffic: Good
[2/9/2026, 02:52:07]   🚌 Bus: 10 min (10 min) | dist: 3.1 km
[2/9/2026, 02:52:07]   🛵 Bike: 7 min (7 min) | dist: 3.1 km
[2/9/2026, 02:52:08] [39/40] Jadavpur Sulekha - Bagha Jatin
[2/9/2026, 02:52:16]       📅 Adjusting Google Maps 'Depart at' to closest target slot: 12:00 AM
[2/9/2026, 02:52:18]       ✅ Found matching bus [Matched Bus Route] at Depart at [12:00 AM]
[2/9/2026, 02:52:26]   🚙 Car: 2 min (2 min) | dist: 900 m | traffic: Good
[2/9/2026, 02:52:26]   🚌 Bus: 3 min (3 min) | dist: 900 m
[2/9/2026, 02:52:26]   🛵 Bike: 2 min (2 min) | dist: 900 m
[2/9/2026, 02:52:27] [40/40] Bagha Jatin - Baishnabghata
[2/9/2026, 02:52:35]       📅 Adjusting Google Maps 'Depart at' to closest target slot: 12:00 AM
[2/9/2026, 02:52:37]       ✅ Found matching bus [Matched Bus Route] at Depart at [12:00 AM]
[2/9/2026, 02:52:45]   🚙 Car: 3 min (3 min) | dist: 1.4 km | traffic: Good
[2/9/2026, 02:52:45]   🚌 Bus: 5 min (5 min) | dist: 1.4 km
[2/9/2026, 02:52:45]   🛵 Bike: 3 min (3 min) | dist: 1.4 km
[2/9/2026, 02:52:46] 
Session complete! Saving to Excel...
[2/9/2026, 02:52:46] 📊 Excel saved (styled & formatted): /home/runner/work/kolkata-traffic-collection/kolkata-traffic-collection/output/Kolkata_Traffic_Data_2026-09-03.xlsx
[2/9/2026, 14:26:17] 
════════════════════════════════════════════════════════════
[2/9/2026, 14:26:17] STARTING FETCH SESSION: manual
[2/9/2026, 14:26:17] Time (IST): 2/9/2026, 14:26:17
[2/9/2026, 14:26:17] Routes: 40
[2/9/2026, 14:26:17] ════════════════════════════════════════════════════════════
[2/9/2026, 14:26:17] [1/40] DH Road
[2/9/2026, 14:26:25]       📅 Adjusting Google Maps 'Depart at' to closest target slot: 10:00 AM
[2/9/2026, 14:26:27]       ✅ Found matching bus [Matched Bus Route] at Depart at [10:00 AM]
[2/9/2026, 14:26:35]   🚙 Car: 1 hr 16 min (76 min) | dist: 19.7 km | traffic: Unknown
[2/9/2026, 14:26:35]   🚌 Bus: 1 hr 9 min (69 min) | dist: 19.7 km
[2/9/2026, 14:26:35]   🛵 Bike: 1 hr 7 min (67 min) | dist: 19.7 km
[2/9/2026, 14:26:36] [2/40] B T Road
[2/9/2026, 14:26:43]       📅 Adjusting Google Maps 'Depart at' to closest target slot: 10:00 AM
[2/9/2026, 14:26:46]       ✅ Found matching bus [Matched Bus Route] at Depart at [10:00 AM]
[2/9/2026, 14:26:54]   🚙 Car: 31 min (31 min) | dist: 6.0 km | traffic: Unknown
[2/9/2026, 14:26:54]   🚌 Bus: 21 min (21 min) | dist: 6.0 km
[2/9/2026, 14:26:54]   🛵 Bike: 28 min (28 min) | dist: 6.0 km
[2/9/2026, 14:26:54] [3/40] B T Road
[2/9/2026, 14:27:02]       📅 Adjusting Google Maps 'Depart at' to closest target slot: 10:00 AM
[2/9/2026, 14:27:04]       ✅ Found matching bus [Matched Bus Route] at Depart at [10:00 AM]
[2/9/2026, 14:27:12]   🚙 Car: 34 min (34 min) | dist: 12.3 km | traffic: Unknown
[2/9/2026, 14:27:12]   🚌 Bus: 43 min (43 min) | dist: 12.3 km
[2/9/2026, 14:27:12]   🛵 Bike: 32 min (32 min) | dist: 12.3 km
[2/9/2026, 14:27:13] [4/40] VIP Road
[2/9/2026, 14:27:20]       📅 Adjusting Google Maps 'Depart at' to closest target slot: 10:00 AM
[2/9/2026, 14:27:23]       ✅ Found matching bus [Matched Bus Route] at Depart at [10:00 AM]
[2/9/2026, 14:27:31]   🚙 Car: 40 min (40 min) | dist: 13.8 km | traffic: Unknown
[2/9/2026, 14:27:31]   🚌 Bus: 32 min (32 min) | dist: 13.8 km
[2/9/2026, 14:27:31]   🛵 Bike: 38 min (38 min) | dist: 13.8 km
[2/9/2026, 14:27:32] [5/40] Jessore Road
[2/9/2026, 14:27:40]       📅 Adjusting Google Maps 'Depart at' to closest target slot: 10:00 AM
[2/9/2026, 14:27:42]       ✅ Found matching bus [Matched Bus Route] at Depart at [10:00 AM]
[2/9/2026, 14:27:50]   🚙 Car: 38 min (38 min) | dist: 11.3 km | traffic: Good
[2/9/2026, 14:27:50]   🚌 Bus: 38 min (38 min) | dist: 11.3 km
[2/9/2026, 14:27:50]   🛵 Bike: 35 min (35 min) | dist: 11.3 km
[2/9/2026, 14:27:51] [6/40] Airport Road
[2/9/2026, 14:27:59]       📅 Adjusting Google Maps 'Depart at' to closest target slot: 10:00 AM
[2/9/2026, 14:28:01]       ✅ Found matching bus [Matched Bus Route] at Depart at [10:00 AM]
[2/9/2026, 14:28:10]   🚙 Car: 23 min (23 min) | dist: 4.8 km | traffic: Unknown
[2/9/2026, 14:28:10]   🚌 Bus: 17 min (17 min) | dist: 4.8 km
[2/9/2026, 14:28:10]   🛵 Bike: 19 min (19 min) | dist: 4.8 km
[2/9/2026, 14:28:10] [7/40] APC Bose Rd
[2/9/2026, 14:28:18]       📅 Adjusting Google Maps 'Depart at' to closest target slot: 10:00 AM
[2/9/2026, 14:28:23]       ✅ Found matching bus [Matched Bus Route] at Depart at [10:00 AM]
[2/9/2026, 14:28:31]   🚙 Car: 1 hr 3 min (63 min) | dist: 9.0 km | traffic: Unknown
[2/9/2026, 14:28:31]   🚌 Bus: 32 min (32 min) | dist: 9.0 km
[2/9/2026, 14:28:31]   🛵 Bike: 54 min (54 min) | dist: 9.0 km
[2/9/2026, 14:28:32] [8/40] Bidhan Sarani
[2/9/2026, 14:28:40]       📅 Adjusting Google Maps 'Depart at' to closest target slot: 10:00 AM
[2/9/2026, 14:28:42]       ✅ Found matching bus [Matched Bus Route] at Depart at [10:00 AM]
[2/9/2026, 14:28:50]   🚙 Car: 40 min (40 min) | dist: 6.0 km | traffic: Good
[2/9/2026, 14:28:50]   🚌 Bus: 22 min (22 min) | dist: 6.0 km
[2/9/2026, 14:28:50]   🛵 Bike: 29 min (29 min) | dist: 6.0 km
[2/9/2026, 14:28:51] [9/40] Central Avenue (C R Avenue)
[2/9/2026, 14:28:59]       📅 Adjusting Google Maps 'Depart at' to closest target slot: 10:00 AM
[2/9/2026, 14:29:01]       ✅ Found matching bus [Matched Bus Route] at Depart at [10:00 AM]
[2/9/2026, 14:29:09]   🚙 Car: 38 min (38 min) | dist: 5.5 km | traffic: Unknown
[2/9/2026, 14:29:09]   🚌 Bus: 17 min (17 min) | dist: 5.5 km
[2/9/2026, 14:29:09]   🛵 Bike: 33 min (33 min) | dist: 5.5 km
[2/9/2026, 14:29:10] [10/40] S N Banerjee Road
[2/9/2026, 14:29:17]       📅 Adjusting Google Maps 'Depart at' to closest target slot: 10:00 AM
[2/9/2026, 14:29:20]       ✅ Found matching bus [Matched Bus Route] at Depart at [10:00 AM]
[2/9/2026, 14:29:28]   🚙 Car: 18 min (18 min) | dist: 2.3 km | traffic: Unknown
[2/9/2026, 14:29:28]   🚌 Bus: 7 min (7 min) | dist: 2.3 km
[2/9/2026, 14:29:28]   🛵 Bike: 16 min (16 min) | dist: 2.3 km
[2/9/2026, 14:29:29] [11/40] M G Road
[2/9/2026, 14:29:36]       📅 Adjusting Google Maps 'Depart at' to closest target slot: 10:00 AM
[2/9/2026, 14:29:39]       ✅ Found matching bus [Matched Bus Route] at Depart at [10:00 AM]
[2/9/2026, 14:29:47]   🚙 Car: 34 min (34 min) | dist: 4.6 km | traffic: Unknown
[2/9/2026, 14:29:47]   🚌 Bus: 13 min (13 min) | dist: 4.6 km
[2/9/2026, 14:29:47]   🛵 Bike: 25 min (25 min) | dist: 4.6 km
[2/9/2026, 14:29:48] [12/40] C I T Road
[2/9/2026, 14:29:56]       📅 Adjusting Google Maps 'Depart at' to closest target slot: 10:00 AM
[2/9/2026, 14:29:58]       ✅ Found matching bus [Matched Bus Route] at Depart at [10:00 AM]
[2/9/2026, 14:30:06]   🚙 Car: 20 min (20 min) | dist: 2.6 km | traffic: Good
[2/9/2026, 14:30:06]   🚌 Bus: 9 min (9 min) | dist: 2.6 km
[2/9/2026, 14:30:06]   🛵 Bike: 14 min (14 min) | dist: 2.6 km
[2/9/2026, 14:30:07] [13/40] Sarat Bose Road
[2/9/2026, 14:30:15]       📅 Adjusting Google Maps 'Depart at' to closest target slot: 10:00 AM
[2/9/2026, 14:30:18]       ✅ Found matching bus [Matched Bus Route] at Depart at [10:00 AM]
[2/9/2026, 14:30:26]   🚙 Car: 31 min (31 min) | dist: 3.8 km | traffic: Unknown
[2/9/2026, 14:30:26]   🚌 Bus: 18 min (18 min) | dist: 3.8 km
[2/9/2026, 14:30:26]   🛵 Bike: 22 min (22 min) | dist: 3.8 km
[2/9/2026, 14:30:27] [14/40] S P Mukherjee Road
[2/9/2026, 14:30:34]       📅 Adjusting Google Maps 'Depart at' to closest target slot: 10:00 AM
[2/9/2026, 14:30:36]       ✅ Found matching bus [Matched Bus Route] at Depart at [10:00 AM]
[2/9/2026, 14:30:44]   🚙 Car: 1 hr 25 min (85 min) | dist: 18.9 km | traffic: Unknown
[2/9/2026, 14:30:44]   🚌 Bus: 1 hr (60 min) | dist: 18.9 km
[2/9/2026, 14:30:44]   🛵 Bike: 1 hr 12 min (72 min) | dist: 18.9 km
[2/9/2026, 14:30:45] [15/40] Hazra Road / S P Mukherjee Road connector
[2/9/2026, 14:30:53]       📅 Adjusting Google Maps 'Depart at' to closest target slot: 10:00 AM
[2/9/2026, 14:30:56]       ✅ Found matching bus [Matched Bus Route] at Depart at [10:00 AM]
[2/9/2026, 14:31:04]   🚙 Car: 39 min (39 min) | dist: 7.8 km | traffic: Unknown
[2/9/2026, 14:31:04]   🚌 Bus: 34 min (34 min) | dist: 7.8 km
[2/9/2026, 14:31:04]   🛵 Bike: 33 min (33 min) | dist: 7.8 km
[2/9/2026, 14:31:05] [16/40] Gariahat Road / Rashbehari Avenue
[2/9/2026, 14:31:13]       📅 Adjusting Google Maps 'Depart at' to closest target slot: 10:00 AM
[2/9/2026, 14:31:15]       ✅ Found matching bus [Matched Bus Route] at Depart at [10:00 AM]
[2/9/2026, 14:31:23]   🚙 Car: 20 min (20 min) | dist: 2.9 km | traffic: Unknown
[2/9/2026, 14:31:23]   🚌 Bus: 10 min (10 min) | dist: 2.9 km
[2/9/2026, 14:31:23]   🛵 Bike: 17 min (17 min) | dist: 2.9 km
[2/9/2026, 14:31:24] [17/40] Chetla Road
[2/9/2026, 14:31:32]       📅 Adjusting Google Maps 'Depart at' to closest target slot: 10:00 AM
[2/9/2026, 14:31:35]       ✅ Found matching bus [Matched Bus Route] at Depart at [10:00 AM]
[2/9/2026, 14:31:43]   🚙 Car: 12 min (12 min) | dist: 2.8 km | traffic: Good
[2/9/2026, 14:31:43]   🚌 Bus: 9 min (9 min) | dist: 2.8 km
[2/9/2026, 14:31:43]   🛵 Bike: 11 min (11 min) | dist: 2.8 km
[2/9/2026, 14:31:44] [18/40] Taratala Road
[2/9/2026, 14:31:52]       📅 Adjusting Google Maps 'Depart at' to closest target slot: 10:00 AM
[2/9/2026, 14:31:54]       ✅ Found matching bus [Matched Bus Route] at Depart at [10:00 AM]
[2/9/2026, 14:32:02]   🚙 Car: 20 min (20 min) | dist: 3.9 km | traffic: Unknown
[2/9/2026, 14:32:02]   🚌 Bus: 13 min (13 min) | dist: 3.9 km
[2/9/2026, 14:32:02]   🛵 Bike: 16 min (16 min) | dist: 3.9 km
[2/9/2026, 14:32:03] [19/40] Prince Anwar Shah Rd
[2/9/2026, 14:32:11]       📅 Adjusting Google Maps 'Depart at' to closest target slot: 10:00 AM
[2/9/2026, 14:32:14]       ✅ Found matching bus [Matched Bus Route] at Depart at [10:00 AM]
[2/9/2026, 14:32:22]   🚙 Car: 25 min (25 min) | dist: 6.9 km | traffic: Unknown
[2/9/2026, 14:32:22]   🚌 Bus: 24 min (24 min) | dist: 6.9 km
[2/9/2026, 14:32:22]   🛵 Bike: 24 min (24 min) | dist: 6.9 km
[2/9/2026, 14:32:23] [20/40] Karunamoyee Road
[2/9/2026, 14:32:31]       📅 Adjusting Google Maps 'Depart at' to closest target slot: 10:00 AM
[2/9/2026, 14:32:34]       ✅ Found matching bus [Matched Bus Route] at Depart at [10:00 AM]
[2/9/2026, 14:32:43]   🚙 Car: 11 min (11 min) | dist: 3.3 km | traffic: Good
[2/9/2026, 14:32:43]   🚌 Bus: 10 min (10 min) | dist: 3.3 km
[2/9/2026, 14:32:43]   🛵 Bike: 12 min (12 min) | dist: 3.3 km
[2/9/2026, 14:32:43] [21/40] Canal South Road
[2/9/2026, 14:32:52]       📅 Adjusting Google Maps 'Depart at' to closest target slot: 10:00 AM
[2/9/2026, 14:32:55]       ✅ Found matching bus [Matched Bus Route] at Depart at [10:00 AM]
[2/9/2026, 14:33:03]   🚙 Car: 18 min (18 min) | dist: 5.5 km | traffic: Good
[2/9/2026, 14:33:03]   🚌 Bus: 15 min (15 min) | dist: 5.5 km
[2/9/2026, 14:33:03]   🛵 Bike: 18 min (18 min) | dist: 5.5 km
[2/9/2026, 14:33:04] [22/40] VIP Road connector
[2/9/2026, 14:33:12]       📅 Adjusting Google Maps 'Depart at' to closest target slot: 10:00 AM
[2/9/2026, 14:33:15]       ✅ Found matching bus [Matched Bus Route] at Depart at [10:00 AM]
[2/9/2026, 14:33:23]   🚙 Car: 16 min (16 min) | dist: 4.1 km | traffic: Good
[2/9/2026, 14:33:23]   🚌 Bus: 13 min (13 min) | dist: 4.1 km
[2/9/2026, 14:33:23]   🛵 Bike: 15 min (15 min) | dist: 4.1 km
[2/9/2026, 14:33:24] [23/40] Baishnabghata-Patuli
[2/9/2026, 14:33:32]       📅 Adjusting Google Maps 'Depart at' to closest target slot: 10:00 AM
[2/9/2026, 14:33:35]       ✅ Found matching bus [Matched Bus Route] at Depart at [10:00 AM]
[2/9/2026, 14:33:43]   🚙 Car: 5 min (5 min) | dist: 1.4 km | traffic: Good
[2/9/2026, 14:33:43]   🚌 Bus: 4 min (4 min) | dist: 1.4 km
[2/9/2026, 14:33:43]   🛵 Bike: 5 min (5 min) | dist: 1.4 km
[2/9/2026, 14:33:44] [24/40] Patuli - Highland Park
[2/9/2026, 14:33:51]       📅 Adjusting Google Maps 'Depart at' to closest target slot: 10:00 AM
[2/9/2026, 14:33:53]       ✅ Found matching bus [Matched Bus Route] at Depart at [10:00 AM]
[2/9/2026, 14:34:01]   🚙 Car: 3 min (3 min) | dist: 1.3 km | traffic: Good
[2/9/2026, 14:34:01]   🚌 Bus: 4 min (4 min) | dist: 1.3 km
[2/9/2026, 14:34:01]   🛵 Bike: 3 min (3 min) | dist: 1.3 km
[2/9/2026, 14:34:02] [25/40] Highland Park - Ajaynagar
[2/9/2026, 14:34:10]       📅 Adjusting Google Maps 'Depart at' to closest target slot: 10:00 AM
[2/9/2026, 14:34:12]       ✅ Found matching bus [Matched Bus Route] at Depart at [10:00 AM]
[2/9/2026, 14:34:20]   🚙 Car: 2 min (2 min) | dist: 850 m | traffic: Good
[2/9/2026, 14:34:20]   🚌 Bus: 3 min (3 min) | dist: 850 m
[2/9/2026, 14:34:20]   🛵 Bike: 2 min (2 min) | dist: 850 m
[2/9/2026, 14:34:21] [26/40] Ajaynagar - Kalikapur
[2/9/2026, 14:34:29]       📅 Adjusting Google Maps 'Depart at' to closest target slot: 10:00 AM
[2/9/2026, 14:34:32]       ✅ Found matching bus [Matched Bus Route] at Depart at [10:00 AM]
[2/9/2026, 14:34:40]   🚙 Car: 4 min (4 min) | dist: 1.7 km | traffic: Good
[2/9/2026, 14:34:40]   🚌 Bus: 6 min (6 min) | dist: 1.7 km
[2/9/2026, 14:34:40]   🛵 Bike: 4 min (4 min) | dist: 1.7 km
[2/9/2026, 14:34:41] [27/40] Kalikapur - Ruby
[2/9/2026, 14:34:49]       📅 Adjusting Google Maps 'Depart at' to closest target slot: 10:00 AM
[2/9/2026, 14:34:51]       ✅ Found matching bus [Matched Bus Route] at Depart at [10:00 AM]
[2/9/2026, 14:34:59]   🚙 Car: 3 min (3 min) | dist: 1.2 km | traffic: Good
[2/9/2026, 14:34:59]   🚌 Bus: 4 min (4 min) | dist: 1.2 km
[2/9/2026, 14:34:59]   🛵 Bike: 3 min (3 min) | dist: 1.2 km
[2/9/2026, 14:35:00] [28/40] Ruby - Science City
[2/9/2026, 14:35:08]       📅 Adjusting Google Maps 'Depart at' to closest target slot: 10:00 AM
[2/9/2026, 14:35:10]       ✅ Found matching bus [Matched Bus Route] at Depart at [10:00 AM]
[2/9/2026, 14:35:18]   🚙 Car: 11 min (11 min) | dist: 4.0 km | traffic: Good
[2/9/2026, 14:35:18]   🚌 Bus: 14 min (14 min) | dist: 4.0 km
[2/9/2026, 14:35:18]   🛵 Bike: 10 min (10 min) | dist: 4.0 km
[2/9/2026, 14:35:19] [29/40] Science City - Chingrighata
[2/9/2026, 14:35:27]       📅 Adjusting Google Maps 'Depart at' to closest target slot: 10:00 AM
[2/9/2026, 14:35:29]       ✅ Found matching bus [Matched Bus Route] at Depart at [10:00 AM]
[2/9/2026, 14:35:37]   🚙 Car: 4 min (4 min) | dist: 1.9 km | traffic: Good
[2/9/2026, 14:35:37]   🚌 Bus: 6 min (6 min) | dist: 1.9 km
[2/9/2026, 14:35:37]   🛵 Bike: 4 min (4 min) | dist: 1.9 km
[2/9/2026, 14:35:38] [30/40] Chingrighata - Sealdah
[2/9/2026, 14:35:46]       📅 Adjusting Google Maps 'Depart at' to closest target slot: 10:00 AM
[2/9/2026, 14:35:48]       ✅ Found matching bus [Matched Bus Route] at Depart at [10:00 AM]
[2/9/2026, 14:35:56]   🚙 Car: 20 min (20 min) | dist: 4.6 km | traffic: Good
[2/9/2026, 14:35:56]   🚌 Bus: 16 min (16 min) | dist: 4.6 km
[2/9/2026, 14:35:56]   🛵 Bike: 17 min (17 min) | dist: 4.6 km
[2/9/2026, 14:35:57] [31/40] Sealdah - Park Circus
[2/9/2026, 14:36:05]       📅 Adjusting Google Maps 'Depart at' to closest target slot: 10:00 AM
[2/9/2026, 14:36:07]       ✅ Found matching bus [Matched Bus Route] at Depart at [10:00 AM]
[2/9/2026, 14:36:15]   🚙 Car: 21 min (21 min) | dist: 2.8 km | traffic: Unknown
[2/9/2026, 14:36:15]   🚌 Bus: 14 min (14 min) | dist: 2.8 km
[2/9/2026, 14:36:15]   🛵 Bike: 17 min (17 min) | dist: 2.8 km
[2/9/2026, 14:36:16] [32/40] Park Circus - Science City
[2/9/2026, 14:36:24]       📅 Adjusting Google Maps 'Depart at' to closest target slot: 10:00 AM
[2/9/2026, 14:36:27]       ✅ Found matching bus [Matched Bus Route] at Depart at [10:00 AM]
[2/9/2026, 14:36:35]   🚙 Car: 11 min (11 min) | dist: 3.8 km | traffic: Unknown
[2/9/2026, 14:36:35]   🚌 Bus: 19 min (19 min) | dist: 3.8 km
[2/9/2026, 14:36:35]   🛵 Bike: 9 min (9 min) | dist: 3.8 km
[2/9/2026, 14:36:36] [33/40] Park Circus - Gariahat
[2/9/2026, 14:36:43]       📅 Adjusting Google Maps 'Depart at' to closest target slot: 10:00 AM
[2/9/2026, 14:36:45]       ✅ Found matching bus [] at Depart at [10:00 AM]
[2/9/2026, 14:36:54]   🚙 Car: 14 min (14 min) | dist: 2.7 km | traffic: Good
[2/9/2026, 14:36:54]   🚌 Bus: 9 min (9 min) | dist: 2.7 km
[2/9/2026, 14:36:54]   🛵 Bike: 13 min (13 min) | dist: 2.7 km
[2/9/2026, 14:36:54] [34/40] Gariahat - Ruby
[2/9/2026, 14:37:02]       📅 Adjusting Google Maps 'Depart at' to closest target slot: 10:00 AM
[2/9/2026, 14:37:05]       ✅ Found matching bus [Matched Bus Route] at Depart at [10:00 AM]
[2/9/2026, 14:37:13]   🚙 Car: 14 min (14 min) | dist: 4.1 km | traffic: High
[2/9/2026, 14:37:13]   🚌 Bus: 13 min (13 min) | dist: 4.1 km
[2/9/2026, 14:37:13]   🛵 Bike: 13 min (13 min) | dist: 4.1 km
[2/9/2026, 14:37:14] [35/40] Gariahat - Mallick Road
[2/9/2026, 14:37:22]       📅 Adjusting Google Maps 'Depart at' to closest target slot: 10:00 AM
[2/9/2026, 14:37:25]       ✅ Found matching bus [Matched Bus Route] at Depart at [10:00 AM]
[2/9/2026, 14:37:33]   🚙 Car: 10 min (10 min) | dist: 2.0 km | traffic: High
[2/9/2026, 14:37:33]   🚌 Bus: 7 min (7 min) | dist: 2.0 km
[2/9/2026, 14:37:33]   🛵 Bike: 8 min (8 min) | dist: 2.0 km
[2/9/2026, 14:37:33] [36/40] Jadavpur Police St. - Kalikapur
[2/9/2026, 14:37:41]       📅 Adjusting Google Maps 'Depart at' to closest target slot: 10:00 AM
[2/9/2026, 14:37:44]       ✅ Found matching bus [Matched Bus Route] at Depart at [10:00 AM]
[2/9/2026, 14:37:52]   🚙 Car: 11 min (11 min) | dist: 3.5 km | traffic: Good
[2/9/2026, 14:37:52]   🚌 Bus: 13 min (13 min) | dist: 3.5 km
[2/9/2026, 14:37:52]   🛵 Bike: 10 min (10 min) | dist: 3.5 km
[2/9/2026, 14:37:52] [37/40] Mallick Road - Jadavpur Sulekha
[2/9/2026, 14:38:00]       📅 Adjusting Google Maps 'Depart at' to closest target slot: 10:00 AM
[2/9/2026, 14:38:03]       ✅ Found matching bus [Matched Bus Route] at Depart at [10:00 AM]
[2/9/2026, 14:38:11]   🚙 Car: 4 min (4 min) | dist: 1.3 km | traffic: Good
[2/9/2026, 14:38:11]   🚌 Bus: 4 min (4 min) | dist: 1.3 km
[2/9/2026, 14:38:11]   🛵 Bike: 4 min (4 min) | dist: 1.3 km
[2/9/2026, 14:38:12] [38/40] Jadavpur Sulekha - Ajay Nagar
[2/9/2026, 14:38:19]       📅 Adjusting Google Maps 'Depart at' to closest target slot: 10:00 AM
[2/9/2026, 14:38:21]       ✅ Found matching bus [Matched Bus Route] at Depart at [10:00 AM]
[2/9/2026, 14:38:29]   🚙 Car: 10 min (10 min) | dist: 3.1 km | traffic: Good
[2/9/2026, 14:38:29]   🚌 Bus: 10 min (10 min) | dist: 3.1 km
[2/9/2026, 14:38:29]   🛵 Bike: 9 min (9 min) | dist: 3.1 km
[2/9/2026, 14:38:30] [39/40] Jadavpur Sulekha - Bagha Jatin
[2/9/2026, 14:38:38]       📅 Adjusting Google Maps 'Depart at' to closest target slot: 10:00 AM
[2/9/2026, 14:38:41]       ✅ Found matching bus [Matched Bus Route] at Depart at [10:00 AM]
[2/9/2026, 14:38:49]   🚙 Car: 3 min (3 min) | dist: 900 m | traffic: Good
[2/9/2026, 14:38:49]   🚌 Bus: 3 min (3 min) | dist: 900 m
[2/9/2026, 14:38:49]   🛵 Bike: 3 min (3 min) | dist: 900 m
[2/9/2026, 14:38:50] [40/40] Bagha Jatin - Baishnabghata
[2/9/2026, 14:38:58]       📅 Adjusting Google Maps 'Depart at' to closest target slot: 10:00 AM
[2/9/2026, 14:39:00]       ✅ Found matching bus [Matched Bus Route] at Depart at [10:00 AM]
[2/9/2026, 14:39:08]   🚙 Car: 5 min (5 min) | dist: 1.4 km | traffic: Good
[2/9/2026, 14:39:08]   🚌 Bus: 5 min (5 min) | dist: 1.4 km
[2/9/2026, 14:39:08]   🛵 Bike: 5 min (5 min) | dist: 1.4 km
[2/9/2026, 14:39:09] 
Session complete! Saving to Excel...
[2/9/2026, 14:39:09] 📊 Excel saved (styled & formatted): /home/runner/work/kolkata-traffic-collection/kolkata-traffic-collection/output/Kolkata_Traffic_Data_2026-09-02.xlsx
[2/9/2026, 17:42:10] 
════════════════════════════════════════════════════════════
[2/9/2026, 17:42:10] STARTING FETCH SESSION: manual
[2/9/2026, 17:42:10] Time (IST): 2/9/2026, 17:42:10
[2/9/2026, 17:42:10] Routes: 40
[2/9/2026, 17:42:10] ════════════════════════════════════════════════════════════
[2/9/2026, 17:42:10] [1/40] DH Road
[2/9/2026, 17:42:18]       📅 Adjusting Google Maps 'Depart at' to closest target slot: 01:00 PM
[2/9/2026, 17:42:20]       ✅ Found matching bus [Matched Bus Route] at Depart at [01:00 PM]
[2/9/2026, 17:42:28]   🚙 Car: 1 hr 27 min (87 min) | dist: 19.7 km | traffic: Unknown
[2/9/2026, 17:42:28]   🚌 Bus: 1 hr 9 min (69 min) | dist: 19.7 km
[2/9/2026, 17:42:28]   🛵 Bike: 1 hr 11 min (71 min) | dist: 19.7 km
[2/9/2026, 17:42:29] [2/40] B T Road
[2/9/2026, 17:42:37]       📅 Adjusting Google Maps 'Depart at' to closest target slot: 01:00 PM
[2/9/2026, 17:42:39]       ✅ Found matching bus [Matched Bus Route] at Depart at [01:00 PM]
[2/9/2026, 17:42:47]   🚙 Car: 36 min (36 min) | dist: 6.0 km | traffic: Unknown
[2/9/2026, 17:42:47]   🚌 Bus: 21 min (21 min) | dist: 6.0 km
[2/9/2026, 17:42:47]   🛵 Bike: 30 min (30 min) | dist: 6.0 km
[2/9/2026, 17:42:48] [3/40] B T Road
[2/9/2026, 17:42:56]       📅 Adjusting Google Maps 'Depart at' to closest target slot: 01:00 PM
[2/9/2026, 17:42:58]       ✅ Found matching bus [Matched Bus Route] at Depart at [01:00 PM]
[2/9/2026, 17:43:06]   🚙 Car: 35 min (35 min) | dist: 12.3 km | traffic: Unknown
[2/9/2026, 17:43:06]   🚌 Bus: 43 min (43 min) | dist: 12.3 km
[2/9/2026, 17:43:06]   🛵 Bike: 33 min (33 min) | dist: 12.3 km
[2/9/2026, 17:43:06] [4/40] VIP Road
[2/9/2026, 17:43:14]       📅 Adjusting Google Maps 'Depart at' to closest target slot: 01:00 PM
[2/9/2026, 17:43:17]       ✅ Found matching bus [Matched Bus Route] at Depart at [01:00 PM]
[2/9/2026, 17:43:25]   🚙 Car: 47 min (47 min) | dist: 13.8 km | traffic: Good
[2/9/2026, 17:43:25]   🚌 Bus: 41 min (41 min) | dist: 13.8 km
[2/9/2026, 17:43:25]   🛵 Bike: 42 min (42 min) | dist: 13.8 km
[2/9/2026, 17:43:26] [5/40] Jessore Road
[2/9/2026, 17:43:34]       📅 Adjusting Google Maps 'Depart at' to closest target slot: 01:00 PM
[2/9/2026, 17:43:36]       ✅ Found matching bus [Matched Bus Route] at Depart at [01:00 PM]
[2/9/2026, 17:43:44]   🚙 Car: 39 min (39 min) | dist: 11.3 km | traffic: Unknown
[2/9/2026, 17:43:44]   🚌 Bus: 42 min (42 min) | dist: 11.3 km
[2/9/2026, 17:43:44]   🛵 Bike: 35 min (35 min) | dist: 11.3 km
[2/9/2026, 17:43:45] [6/40] Airport Road
[2/9/2026, 17:43:52]       📅 Adjusting Google Maps 'Depart at' to closest target slot: 01:00 PM
[2/9/2026, 17:43:55]       ✅ Found matching bus [Matched Bus Route] at Depart at [01:00 PM]
[2/9/2026, 17:44:03]   🚙 Car: 20 min (20 min) | dist: 4.8 km | traffic: Unknown
[2/9/2026, 17:44:03]   🚌 Bus: 41 min (41 min) | dist: 4.8 km
[2/9/2026, 17:44:03]   🛵 Bike: 17 min (17 min) | dist: 4.8 km
[2/9/2026, 17:44:04] [7/40] APC Bose Rd
[2/9/2026, 17:44:12]       📅 Adjusting Google Maps 'Depart at' to closest target slot: 01:00 PM
[2/9/2026, 17:44:15]       ✅ Found matching bus [Matched Bus Route] at Depart at [01:00 PM]
[2/9/2026, 17:44:23]   🚙 Car: 53 min (53 min) | dist: 8.2 km | traffic: Unknown
[2/9/2026, 17:44:23]   🚌 Bus: 29 min (29 min) | dist: 8.2 km
[2/9/2026, 17:44:23]   🛵 Bike: 46 min (46 min) | dist: 8.2 km
[2/9/2026, 17:44:24] [8/40] Bidhan Sarani
[2/9/2026, 17:44:31]       📅 Adjusting Google Maps 'Depart at' to closest target slot: 01:00 PM
[2/9/2026, 17:44:33]       ✅ Found matching bus [Matched Bus Route] at Depart at [01:00 PM]
[2/9/2026, 17:44:41]   🚙 Car: 38 min (38 min) | dist: 6.0 km | traffic: Unknown
[2/9/2026, 17:44:41]   🚌 Bus: 22 min (22 min) | dist: 6.0 km
[2/9/2026, 17:44:41]   🛵 Bike: 30 min (30 min) | dist: 6.0 km
[2/9/2026, 17:44:42] [9/40] Central Avenue (C R Avenue)
[2/9/2026, 17:44:50]       📅 Adjusting Google Maps 'Depart at' to closest target slot: 01:00 PM
[2/9/2026, 17:44:52]       ✅ Found matching bus [Matched Bus Route] at Depart at [01:00 PM]
[2/9/2026, 17:45:00]   🚙 Car: 33 min (33 min) | dist: 5.0 km | traffic: Unknown
[2/9/2026, 17:45:00]   🚌 Bus: 24 min (24 min) | dist: 5.0 km
[2/9/2026, 17:45:00]   🛵 Bike: 27 min (27 min) | dist: 5.0 km
[2/9/2026, 17:45:01] [10/40] S N Banerjee Road
[2/9/2026, 17:45:08]       📅 Adjusting Google Maps 'Depart at' to closest target slot: 01:00 PM
[2/9/2026, 17:45:11]       ✅ Found matching bus [Matched Bus Route] at Depart at [01:00 PM]
[2/9/2026, 17:45:19]   🚙 Car: 13 min (13 min) | dist: 2.3 km | traffic: Good
[2/9/2026, 17:45:19]   🚌 Bus: 7 min (7 min) | dist: 2.3 km
[2/9/2026, 17:45:19]   🛵 Bike: 11 min (11 min) | dist: 2.3 km
[2/9/2026, 17:45:20] [11/40] M G Road
[2/9/2026, 17:45:28]       📅 Adjusting Google Maps 'Depart at' to closest target slot: 01:00 PM
[2/9/2026, 17:45:30]       ✅ Found matching bus [Matched Bus Route] at Depart at [01:00 PM]
[2/9/2026, 17:45:38]   🚙 Car: 33 min (33 min) | dist: 4.2 km | traffic: Unknown
[2/9/2026, 17:45:38]   🚌 Bus: 13 min (13 min) | dist: 4.2 km
[2/9/2026, 17:45:38]   🛵 Bike: 24 min (24 min) | dist: 4.2 km
[2/9/2026, 17:45:39] [12/40] C I T Road
[2/9/2026, 17:45:47]       📅 Adjusting Google Maps 'Depart at' to closest target slot: 01:00 PM
[2/9/2026, 17:45:49]       ✅ Found matching bus [Matched Bus Route] at Depart at [01:00 PM]
[2/9/2026, 17:45:57]   🚙 Car: 14 min (14 min) | dist: 2.6 km | traffic: Good
[2/9/2026, 17:45:57]   🚌 Bus: 9 min (9 min) | dist: 2.6 km
[2/9/2026, 17:45:57]   🛵 Bike: 13 min (13 min) | dist: 2.6 km
[2/9/2026, 17:45:58] [13/40] Sarat Bose Road
[2/9/2026, 17:46:05]       📅 Adjusting Google Maps 'Depart at' to closest target slot: 01:00 PM
[2/9/2026, 17:46:08]       ✅ Found matching bus [Matched Bus Route] at Depart at [01:00 PM]
[2/9/2026, 17:46:16]   🚙 Car: 28 min (28 min) | dist: 3.8 km | traffic: Unknown
[2/9/2026, 17:46:16]   🚌 Bus: 13 min (13 min) | dist: 3.8 km
[2/9/2026, 17:46:16]   🛵 Bike: 22 min (22 min) | dist: 3.8 km
[2/9/2026, 17:46:17] [14/40] S P Mukherjee Road
[2/9/2026, 17:46:24]       📅 Adjusting Google Maps 'Depart at' to closest target slot: 01:00 PM
[2/9/2026, 17:46:27]       ✅ Found matching bus [Matched Bus Route] at Depart at [01:00 PM]
[2/9/2026, 17:46:34]   🚙 Car: 1 hr 19 min (79 min) | dist: 16.0 km | traffic: Unknown
[2/9/2026, 17:46:34]   🚌 Bus: 1 hr 5 min (65 min) | dist: 16.0 km
[2/9/2026, 17:46:34]   🛵 Bike: 1 hr 7 min (67 min) | dist: 16.0 km
[2/9/2026, 17:46:35] [15/40] Hazra Road / S P Mukherjee Road connector
[2/9/2026, 17:46:43]       📅 Adjusting Google Maps 'Depart at' to closest target slot: 01:00 PM
[2/9/2026, 17:46:46]       ✅ Found matching bus [Matched Bus Route] at Depart at [01:00 PM]
[2/9/2026, 17:46:54]   🚙 Car: 34 min (34 min) | dist: 6.8 km | traffic: Unknown
[2/9/2026, 17:46:54]   🚌 Bus: 33 min (33 min) | dist: 6.8 km
[2/9/2026, 17:46:54]   🛵 Bike: 27 min (27 min) | dist: 6.8 km
[2/9/2026, 17:46:55] [16/40] Gariahat Road / Rashbehari Avenue
[2/9/2026, 17:47:02]       📅 Adjusting Google Maps 'Depart at' to closest target slot: 01:00 PM
[2/9/2026, 17:47:05]       ✅ Found matching bus [Matched Bus Route] at Depart at [01:00 PM]
[2/9/2026, 17:47:13]   🚙 Car: 14 min (14 min) | dist: 2.9 km | traffic: Unknown
[2/9/2026, 17:47:13]   🚌 Bus: 21 min (21 min) | dist: 2.9 km
[2/9/2026, 17:47:13]   🛵 Bike: 12 min (12 min) | dist: 2.9 km
[2/9/2026, 17:47:14] [17/40] Chetla Road
[2/9/2026, 17:47:21]       📅 Adjusting Google Maps 'Depart at' to closest target slot: 01:00 PM
[2/9/2026, 17:47:24]       ✅ Found matching bus [Matched Bus Route] at Depart at [01:00 PM]
[2/9/2026, 17:47:33]   🚙 Car: 14 min (14 min) | dist: 2.8 km | traffic: Unknown
[2/9/2026, 17:47:33]   🚌 Bus: 21 min (21 min) | dist: 2.8 km
[2/9/2026, 17:47:33]   🛵 Bike: 12 min (12 min) | dist: 2.8 km
[2/9/2026, 17:47:33] [18/40] Taratala Road
[2/9/2026, 17:47:41]       📅 Adjusting Google Maps 'Depart at' to closest target slot: 01:00 PM
[2/9/2026, 17:47:44]       ✅ Found matching bus [Matched Bus Route] at Depart at [01:00 PM]
[2/9/2026, 17:47:52]   🚙 Car: 20 min (20 min) | dist: 3.9 km | traffic: Good
[2/9/2026, 17:47:52]   🚌 Bus: 43 min (43 min) | dist: 3.9 km
[2/9/2026, 17:47:52]   🛵 Bike: 17 min (17 min) | dist: 3.9 km
[2/9/2026, 17:47:53] [19/40] Prince Anwar Shah Rd
[2/9/2026, 17:48:00]       📅 Adjusting Google Maps 'Depart at' to closest target slot: 01:00 PM
[2/9/2026, 17:48:03]       ✅ Found matching bus [Matched Bus Route] at Depart at [01:00 PM]
[2/9/2026, 17:48:11]   🚙 Car: 26 min (26 min) | dist: 6.9 km | traffic: Good
[2/9/2026, 17:48:11]   🚌 Bus: 46 min (46 min) | dist: 6.9 km
[2/9/2026, 17:48:11]   🛵 Bike: 24 min (24 min) | dist: 6.9 km
[2/9/2026, 17:48:12] [20/40] Karunamoyee Road
[2/9/2026, 17:48:19]       📅 Adjusting Google Maps 'Depart at' to closest target slot: 01:00 PM
[2/9/2026, 17:48:30]   🚙 Car: 12 min (12 min) | dist: 3.3 km | traffic: Good
[2/9/2026, 17:48:30]   🚌 Bus: N/A (? min) | dist: 3.3 km
[2/9/2026, 17:48:30]   🛵 Bike: 11 min (11 min) | dist: 3.3 km
[2/9/2026, 17:48:31] [21/40] Canal South Road
[2/9/2026, 17:48:38]       📅 Adjusting Google Maps 'Depart at' to closest target slot: 01:00 PM
[2/9/2026, 17:48:41]       ✅ Found matching bus [] at Depart at [01:00 PM]
[2/9/2026, 17:48:49]   🚙 Car: 30 min (30 min) | dist: 5.5 km | traffic: Good
[2/9/2026, 17:48:49]   🚌 Bus: 39 min (39 min) | dist: 5.5 km
[2/9/2026, 17:48:49]   🛵 Bike: 23 min (23 min) | dist: 5.5 km
[2/9/2026, 17:48:50] [22/40] VIP Road connector
[2/9/2026, 17:48:58]       📅 Adjusting Google Maps 'Depart at' to closest target slot: 01:00 PM
[2/9/2026, 17:49:00]       ✅ Found matching bus [Matched Bus Route] at Depart at [01:00 PM]
[2/9/2026, 17:49:09]   🚙 Car: 19 min (19 min) | dist: 4.1 km | traffic: Good
[2/9/2026, 17:49:09]   🚌 Bus: 26 min (26 min) | dist: 4.1 km
[2/9/2026, 17:49:09]   🛵 Bike: 17 min (17 min) | dist: 4.1 km
[2/9/2026, 17:49:09] [23/40] Baishnabghata-Patuli
[2/9/2026, 17:49:17]       📅 Adjusting Google Maps 'Depart at' to closest target slot: 01:00 PM
[2/9/2026, 17:49:27]   🚙 Car: 6 min (6 min) | dist: 1.4 km | traffic: Good
[2/9/2026, 17:49:27]   🚌 Bus: N/A (? min) | dist: 1.4 km
[2/9/2026, 17:49:27]   🛵 Bike: 5 min (5 min) | dist: 1.4 km
[2/9/2026, 17:49:28] [24/40] Patuli - Highland Park
[2/9/2026, 17:49:36]       📅 Adjusting Google Maps 'Depart at' to closest target slot: 01:00 PM
[2/9/2026, 17:49:46]   🚙 Car: 3 min (3 min) | dist: 1.3 km | traffic: Good
[2/9/2026, 17:49:46]   🚌 Bus: N/A (? min) | dist: 1.3 km
[2/9/2026, 17:49:46]   🛵 Bike: 2 min (2 min) | dist: 1.3 km
[2/9/2026, 17:49:46] [25/40] Highland Park - Ajaynagar
[2/9/2026, 17:49:54]       📅 Adjusting Google Maps 'Depart at' to closest target slot: 01:00 PM
[2/9/2026, 17:50:04]   🚙 Car: 2 min (2 min) | dist: 850 m | traffic: Good
[2/9/2026, 17:50:04]   🚌 Bus: N/A (? min) | dist: 850 m
[2/9/2026, 17:50:04]   🛵 Bike: 2 min (2 min) | dist: 850 m
[2/9/2026, 17:50:05] [26/40] Ajaynagar - Kalikapur
[2/9/2026, 17:50:13]       📅 Adjusting Google Maps 'Depart at' to closest target slot: 01:00 PM
[2/9/2026, 17:50:16]       ✅ Found matching bus [Matched Bus Route] at Depart at [01:00 PM]
[2/9/2026, 17:50:25]   🚙 Car: 5 min (5 min) | dist: 1.7 km | traffic: Good
[2/9/2026, 17:50:25]   🚌 Bus: 11 min (11 min) | dist: 1.7 km
[2/9/2026, 17:50:25]   🛵 Bike: 5 min (5 min) | dist: 1.7 km
[2/9/2026, 17:50:25] [27/40] Kalikapur - Ruby
[2/9/2026, 17:50:33]       📅 Adjusting Google Maps 'Depart at' to closest target slot: 01:00 PM
[2/9/2026, 17:50:43]   🚙 Car: 4 min (4 min) | dist: 1.2 km | traffic: Good
[2/9/2026, 17:50:43]   🚌 Bus: N/A (? min) | dist: 1.2 km
[2/9/2026, 17:50:43]   🛵 Bike: 3 min (3 min) | dist: 1.2 km
[2/9/2026, 17:50:44] [28/40] Ruby - Science City
[2/9/2026, 17:50:52]       📅 Adjusting Google Maps 'Depart at' to closest target slot: 01:00 PM
[2/9/2026, 17:50:54]       ✅ Found matching bus [Matched Bus Route] at Depart at [01:00 PM]
[2/9/2026, 17:51:02]   🚙 Car: 10 min (10 min) | dist: 4.0 km | traffic: Good
[2/9/2026, 17:51:02]   🚌 Bus: 26 min (26 min) | dist: 4.0 km
[2/9/2026, 17:51:02]   🛵 Bike: 9 min (9 min) | dist: 4.0 km
[2/9/2026, 17:51:03] [29/40] Science City - Chingrighata
[2/9/2026, 17:51:11]       📅 Adjusting Google Maps 'Depart at' to closest target slot: 01:00 PM
[2/9/2026, 17:51:21]   🚙 Car: 5 min (5 min) | dist: 1.9 km | traffic: Unknown
[2/9/2026, 17:51:21]   🚌 Bus: N/A (? min) | dist: 1.9 km
[2/9/2026, 17:51:21]   🛵 Bike: 4 min (4 min) | dist: 1.9 km
[2/9/2026, 17:51:22] [30/40] Chingrighata - Sealdah
[2/9/2026, 17:51:29]       📅 Adjusting Google Maps 'Depart at' to closest target slot: 01:00 PM
[2/9/2026, 17:51:32]       ✅ Found matching bus [Matched Bus Route] at Depart at [01:00 PM]
[2/9/2026, 17:51:40]   🚙 Car: 20 min (20 min) | dist: 4.6 km | traffic: Good
[2/9/2026, 17:51:40]   🚌 Bus: 15 min (15 min) | dist: 4.6 km
[2/9/2026, 17:51:40]   🛵 Bike: 18 min (18 min) | dist: 4.6 km
[2/9/2026, 17:51:41] [31/40] Sealdah - Park Circus
[2/9/2026, 17:51:49]       📅 Adjusting Google Maps 'Depart at' to closest target slot: 01:00 PM
[2/9/2026, 17:51:51]       ✅ Found matching bus [Matched Bus Route] at Depart at [01:00 PM]
[2/9/2026, 17:51:59]   🚙 Car: 17 min (17 min) | dist: 2.9 km | traffic: Unknown
[2/9/2026, 17:51:59]   🚌 Bus: 45 min (45 min) | dist: 2.9 km
[2/9/2026, 17:51:59]   🛵 Bike: 12 min (12 min) | dist: 2.9 km
[2/9/2026, 17:52:00] [32/40] Park Circus - Science City
[2/9/2026, 17:52:08]       📅 Adjusting Google Maps 'Depart at' to closest target slot: 01:00 PM
[2/9/2026, 17:52:11]       ✅ Found matching bus [Matched Bus Route] at Depart at [01:00 PM]
[2/9/2026, 17:52:19]   🚙 Car: 7 min (7 min) | dist: 3.8 km | traffic: Good
[2/9/2026, 17:52:19]   🚌 Bus: 19 min (19 min) | dist: 3.8 km
[2/9/2026, 17:52:19]   🛵 Bike: 8 min (8 min) | dist: 3.8 km
[2/9/2026, 17:52:20] [33/40] Park Circus - Gariahat
[2/9/2026, 17:52:27]       📅 Adjusting Google Maps 'Depart at' to closest target slot: 01:00 PM
[2/9/2026, 17:52:29]       ✅ Found matching bus [Matched Bus Route] at Depart at [01:00 PM]
[2/9/2026, 17:52:37]   🚙 Car: 15 min (15 min) | dist: 2.7 km | traffic: Good
[2/9/2026, 17:52:37]   🚌 Bus: 12 min (12 min) | dist: 2.7 km
[2/9/2026, 17:52:37]   🛵 Bike: 14 min (14 min) | dist: 2.7 km
[2/9/2026, 17:52:38] [34/40] Gariahat - Ruby
[2/9/2026, 17:52:46]       📅 Adjusting Google Maps 'Depart at' to closest target slot: 01:00 PM
[2/9/2026, 17:52:49]       ✅ Found matching bus [Matched Bus Route] at Depart at [01:00 PM]
[2/9/2026, 17:52:57]   🚙 Car: 16 min (16 min) | dist: 4.1 km | traffic: High
[2/9/2026, 17:52:57]   🚌 Bus: 14 min (14 min) | dist: 4.1 km
[2/9/2026, 17:52:57]   🛵 Bike: 15 min (15 min) | dist: 4.1 km
[2/9/2026, 17:52:58] [35/40] Gariahat - Mallick Road
[2/9/2026, 17:53:05]       📅 Adjusting Google Maps 'Depart at' to closest target slot: 01:00 PM
[2/9/2026, 17:53:08]       ✅ Found matching bus [Matched Bus Route] at Depart at [01:00 PM]
[2/9/2026, 17:53:16]   🚙 Car: 11 min (11 min) | dist: 2.0 km | traffic: High
[2/9/2026, 17:53:16]   🚌 Bus: 7 min (7 min) | dist: 2.0 km
[2/9/2026, 17:53:16]   🛵 Bike: 9 min (9 min) | dist: 2.0 km
[2/9/2026, 17:53:17] [36/40] Jadavpur Police St. - Kalikapur
[2/9/2026, 17:53:25]       📅 Adjusting Google Maps 'Depart at' to closest target slot: 01:00 PM
[2/9/2026, 17:53:28]       ✅ Found matching bus [Matched Bus Route] at Depart at [01:00 PM]
[2/9/2026, 17:53:36]   🚙 Car: 10 min (10 min) | dist: 3.5 km | traffic: Good
[2/9/2026, 17:53:36]   🚌 Bus: 35 min (35 min) | dist: 3.5 km
[2/9/2026, 17:53:36]   🛵 Bike: 10 min (10 min) | dist: 3.5 km
[2/9/2026, 17:53:36] [37/40] Mallick Road - Jadavpur Sulekha
[2/9/2026, 17:53:44]       📅 Adjusting Google Maps 'Depart at' to closest target slot: 01:00 PM
[2/9/2026, 17:53:46]       ✅ Found matching bus [Matched Bus Route] at Depart at [01:00 PM]
[2/9/2026, 17:53:54]   🚙 Car: 5 min (5 min) | dist: 1.3 km | traffic: Good
[2/9/2026, 17:53:54]   🚌 Bus: 7 min (7 min) | dist: 1.3 km
[2/9/2026, 17:53:54]   🛵 Bike: 5 min (5 min) | dist: 1.3 km
[2/9/2026, 17:53:55] [38/40] Jadavpur Sulekha - Ajay Nagar
[2/9/2026, 17:54:03]       📅 Adjusting Google Maps 'Depart at' to closest target slot: 01:00 PM
[2/9/2026, 17:54:06]       ✅ Found matching bus [Matched Bus Route] at Depart at [01:00 PM]
[2/9/2026, 17:54:14]   🚙 Car: 11 min (11 min) | dist: 3.1 km | traffic: Good
[2/9/2026, 17:54:14]   🚌 Bus: 11 min (11 min) | dist: 3.1 km
[2/9/2026, 17:54:14]   🛵 Bike: 10 min (10 min) | dist: 3.1 km
[2/9/2026, 17:54:15] [39/40] Jadavpur Sulekha - Bagha Jatin
[2/9/2026, 17:54:23]       📅 Adjusting Google Maps 'Depart at' to closest target slot: 01:00 PM
[2/9/2026, 17:54:26]       ✅ Found matching bus [Matched Bus Route] at Depart at [01:00 PM]
[2/9/2026, 17:54:34]   🚙 Car: 4 min (4 min) | dist: 900 m | traffic: Good
[2/9/2026, 17:54:34]   🚌 Bus: 3 min (3 min) | dist: 900 m
[2/9/2026, 17:54:34]   🛵 Bike: 3 min (3 min) | dist: 900 m
[2/9/2026, 17:54:35] [40/40] Bagha Jatin - Baishnabghata
[2/9/2026, 17:54:43]       📅 Adjusting Google Maps 'Depart at' to closest target slot: 01:00 PM
[2/9/2026, 17:54:45]       ✅ Found matching bus [Matched Bus Route] at Depart at [01:00 PM]
[2/9/2026, 17:54:53]   🚙 Car: 6 min (6 min) | dist: 1.4 km | traffic: Good
[2/9/2026, 17:54:53]   🚌 Bus: 5 min (5 min) | dist: 1.4 km
[2/9/2026, 17:54:53]   🛵 Bike: 5 min (5 min) | dist: 1.4 km
[2/9/2026, 17:54:54] 
Session complete! Saving to Excel...
[2/9/2026, 17:54:54] 📊 Excel saved (styled & formatted): /home/runner/work/kolkata-traffic-collection/kolkata-traffic-collection/output/Kolkata_Traffic_Data_2026-09-02.xlsx
